-2.777203369140625000e+02,-2.688481750488281250e+02,-2.736115722656250000e+02,-2.705418090820312500e+02,-2.710165710449218750e+02,-2.707001037597656250e+02,-2.685677795410156250e+02,-2.639362487792968750e+02,-2.676953125000000000e+02,-2.688855895996093750e+02,-2.565375366210937500e+02,-2.372139892578125000e+02,-2.440856323242187500e+02,-2.665574645996093750e+02,-2.721500854492187500e+02,-5.876253128051757812e+01,1.551370697021484375e+02,2.150330963134765625e+02,1.900882263183593750e+02,1.278817062377929688e+02,4.855023574829101562e+01,5.451132297515869141e+00,1.399964904785156250e+01,-2.879455184936523438e+01,2.178090095520019531e+01,8.756793975830078125e+01,8.766101837158203125e+01,7.843938446044921875e+01,7.707816314697265625e+01,6.740988159179687500e+01,7.618668365478515625e+01,8.837908935546875000e+01,7.907074737548828125e+01,5.267203140258789062e+01,1.034076976776123047e+01,9.057911682128906250e+01,1.315696411132812500e+02,8.920566558837890625e+01,6.336816406250000000e+01,9.366204071044921875e+01,1.226490249633789062e+02,1.360657653808593750e+02,1.074280853271484375e+02,1.070060157775878906e+01,-7.625936889648437500e+01,-7.550775909423828125e+01,-2.935822868347167969e+01,-2.567813110351562500e+01,-2.215446472167968750e+01,-1.727252197265625000e+01,-6.938014221191406250e+01,-1.427232971191406250e+02,-1.590606689453125000e+02,-1.734597015380859375e+02,2.626339912414550781e+00,1.258869476318359375e+02,1.446176452636718750e+02,9.442286682128906250e+01,1.237281875610351562e+02,1.019160003662109375e+02,-2.128838539123535156e+01,-1.783737182617187500e+02,-2.009186706542968750e+02,-7.311121368408203125e+01,1.180170898437500000e+02,1.808441467285156250e+02,1.756558685302734375e+02,1.555013122558593750e+02,1.324257202148437500e+02,9.751287841796875000e+01,5.954108428955078125e+01,1.490088653564453125e+01,-2.008136749267578125e+01,-9.683085632324218750e+01,-2.020103149414062500e+02,-2.315131225585937500e+02,-2.498533935546875000e+02,-2.564756469726562500e+02,-2.604556274414062500e+02,-2.684732666015625000e+02,-2.728995361328125000e+02,-2.702888793945312500e+02,-2.694141845703125000e+02,-2.725472412109375000e+02,-2.705001525878906250e+02,-2.706330871582031250e+02,-2.731246948242187500e+02,-2.697580261230468750e+02,-2.677210083007812500e+02,-2.649391784667968750e+02,-2.817108459472656250e+02,-3.153041992187500000e+02,-3.163696899414062500e+02,-3.163696899414062500e+02,-3.163696899414062500e+02,-3.163696899414062500e+02,-3.163696899414062500e+02,-3.163696899414062500e+02,-3.163696899414062500e+02,-3.163696899414062500e+02,-3.163696899414062500e+02,-3.163696899414062500e+02,-3.163696899414062500e+02,-3.163696899414062500e+02,-3.163696899414062500e+02,-3.163696899414062500e+02,-3.163696899414062500e+02,-3.163696899414062500e+02,-3.163696899414062500e+02,-3.163696899414062500e+02,-3.163696899414062500e+02,-3.163696899414062500e+02,-3.163696899414062500e+02,-3.163696899414062500e+02,-3.163696899414062500e+02,-3.163696899414062500e+02,-3.163696899414062500e+02,-3.163696899414062500e+02,-3.163696899414062500e+02,-3.163696899414062500e+02,-3.163696899414062500e+02,-3.163696899414062500e+02,-3.163696899414062500e+02,-3.163696899414062500e+02,-3.163696899414062500e+02,-3.163696899414062500e+02,-3.163696899414062500e+02,-3.163696899414062500e+02,-3.163696899414062500e+02,-3.163696899414062500e+02,-3.163696899414062500e+02,-3.163696899414062500e+02,-3.163696899414062500e+02,-3.163696899414062500e+02,-3.163696899414062500e+02,-3.163696899414062500e+02,-3.163696899414062500e+02,-3.163696899414062500e+02,-3.163696899414062500e+02,-3.163696899414062500e+02,-3.163696899414062500e+02,-3.163696899414062500e+02,-3.163696899414062500e+02,-3.163696899414062500e+02,-3.163696899414062500e+02,-3.163696899414062500e+02,-3.163696899414062500e+02,-3.163696899414062500e+02,-3.163696899414062500e+02,-3.163696899414062500e+02,-3.163696899414062500e+02,-3.163696899414062500e+02,-3.163696899414062500e+02,-3.163696899414062500e+02,-3.163696899414062500e+02,-3.163696899414062500e+02,-3.163696899414062500e+02
4.711717224121093750e+01,5.414295959472656250e+01,4.911343383789062500e+01,5.370016098022460938e+01,5.334443664550781250e+01,5.283630371093750000e+01,5.612715148925781250e+01,5.546785736083984375e+01,5.510109329223632812e+01,5.524907684326171875e+01,5.420829772949218750e+01,5.342746734619140625e+01,5.360976409912109375e+01,5.589754867553710938e+01,5.050837707519531250e+01,1.110079269409179688e+02,8.924558258056640625e+01,6.735943603515625000e+01,3.528055191040039062e+01,1.025314044952392578e+01,7.776175022125244141e+00,3.338843536376953125e+01,6.861065673828125000e+01,1.051023254394531250e+02,1.026716156005859375e+02,8.796671295166015625e+01,7.471665954589843750e+01,6.982054138183593750e+01,5.169828796386718750e+01,3.618225097656250000e+01,3.175164413452148438e+01,1.660406875610351562e+01,1.550113677978515625e+01,6.101604461669921875e+01,9.550231933593750000e+01,9.457618713378906250e+01,8.757995605468750000e+01,6.942848205566406250e+01,5.372277069091796875e+01,5.815322875976562500e+01,7.221440887451171875e+01,6.807051086425781250e+01,5.880154800415039062e+01,6.708954620361328125e+01,1.171742172241210938e+02,1.097931213378906250e+02,6.831304931640625000e+01,2.126284408569335938e+01,-5.858233451843261719e+00,1.632401657104492188e+01,5.807871246337890625e+01,1.002423095703125000e+02,1.056344146728515625e+02,1.121537017822265625e+02,9.862348175048828125e+01,8.483193969726562500e+01,5.447344970703125000e+01,2.466812849044799805e+00,2.956582641601562500e+01,6.568425750732421875e+01,9.262198638916015625e+01,6.201704406738281250e+01,6.796952819824218750e+01,1.114349365234375000e+02,1.082219085693359375e+02,8.953135681152343750e+01,6.292545318603515625e+01,7.266371154785156250e+01,1.033597869873046875e+02,1.245423736572265625e+02,1.261484069824218750e+02,1.095700759887695312e+02,1.032060546875000000e+02,1.072153167724609375e+02,8.781602478027343750e+01,7.638111877441406250e+01,6.508789825439453125e+01,6.117438507080078125e+01,5.998695373535156250e+01,5.288579559326171875e+01,4.972482299804687500e+01,5.208465957641601562e+01,5.408539581298828125e+01,5.203779602050781250e+01,5.466431427001953125e+01,5.484799957275390625e+01,5.240320587158203125e+01,5.532131195068359375e+01,5.700016784667968750e+01,5.792603302001953125e+01,4.007750701904296875e+01,1.479431271553039551e+00,0.000000000000000000e+00,0.000000000000000000e+00,0.000000000000000000e+00,0.000000000000000000e+00,0.000000000000000000e+00,0.000000000000000000e+00,0.000000000000000000e+00,0.000000000000000000e+00,0.000000000000000000e+00,0.000000000000000000e+00,0.000000000000000000e+00,0.000000000000000000e+00,0.000000000000000000e+00,0.000000000000000000e+00,0.000000000000000000e+00,0.000000000000000000e+00,0.000000000000000000e+00,0.000000000000000000e+00,0.000000000000000000e+00,0.000000000000000000e+00,0.000000000000000000e+00,0.000000000000000000e+00,0.000000000000000000e+00,0.000000000000000000e+00,0.000000000000000000e+00,0.000000000000000000e+00,0.000000000000000000e+00,0.000000000000000000e+00,0.000000000000000000e+00,0.000000000000000000e+00,0.000000000000000000e+00,0.000000000000000000e+00,0.000000000000000000e+00,0.000000000000000000e+00,0.000000000000000000e+00,0.000000000000000000e+00,0.000000000000000000e+00,0.000000000000000000e+00,0.000000000000000000e+00,0.000000000000000000e+00,0.000000000000000000e+00,0.000000000000000000e+00,0.000000000000000000e+00,0.000000000000000000e+00,0.000000000000000000e+00,0.000000000000000000e+00,0.000000000000000000e+00,0.000000000000000000e+00,0.000000000000000000e+00,0.000000000000000000e+00,0.000000000000000000e+00,0.000000000000000000e+00,0.000000000000000000e+00,0.000000000000000000e+00,0.000000000000000000e+00,0.000000000000000000e+00,0.000000000000000000e+00,0.000000000000000000e+00,0.000000000000000000e+00,0.000000000000000000e+00,0.000000000000000000e+00,0.000000000000000000e+00,0.000000000000000000e+00,0.000000000000000000e+00,0.000000000000000000e+00
3.048357009887695312e+01,2.978637695312500000e+01,2.800234985351562500e+01,3.149568176269531250e+01,3.110154724121093750e+01,2.925760841369628906e+01,3.279558563232421875e+01,2.932086563110351562e+01,3.071792030334472656e+01,3.140718460083007812e+01,1.916885566711425781e+01,3.938399851322174072e-01,4.425504684448242188e+00,2.825610351562500000e+01,2.797765350341796875e+01,-1.030309295654296875e+01,-2.723521041870117188e+01,-4.017493057250976562e+01,-6.711463928222656250e+01,-6.787101745605468750e+01,-3.403599929809570312e+01,-2.559706687927246094e+00,1.059372901916503906e+01,1.803601074218750000e+01,4.064115142822265625e+01,3.187502670288085938e+01,1.269977855682373047e+01,-1.916300582885742188e+01,-4.659055328369140625e+01,-6.644018554687500000e+01,-7.458857727050781250e+01,-6.586972808837890625e+01,-4.461534118652343750e+01,-1.928188323974609375e+01,-2.454192924499511719e+01,-6.370528411865234375e+01,-6.561167907714843750e+01,-7.353294372558593750e+01,-9.185014343261718750e+01,-1.070868835449218750e+02,-1.276120986938476562e+02,-1.344417114257812500e+02,-1.108131408691406250e+02,-5.854214477539062500e+01,-2.478120994567871094e+01,1.006930351257324219e+01,3.573006439208984375e+01,3.993127441406250000e+01,3.992976379394531250e+01,3.072477340698242188e+01,2.238784027099609375e+01,1.477955818176269531e+01,1.632831001281738281e+01,2.408821105957031250e+01,-1.099599075317382812e+01,-2.293332290649414062e+01,-2.232643127441406250e+01,-2.732186508178710938e+01,-2.431956481933593750e+01,-2.333900070190429688e+01,-1.881301879882812500e+01,-2.288664340972900391e+00,1.414700508117675781e+01,-9.347380638122558594e+00,-4.121598052978515625e+01,-6.382035064697265625e+01,-9.911859893798828125e+01,-1.136661758422851562e+02,-9.655578613281250000e+01,-8.273281860351562500e+01,-8.235844421386718750e+01,-8.215635681152343750e+01,-6.593621063232421875e+01,-4.558328628540039062e+01,-1.102062797546386719e+01,2.410207986831665039e+00,1.288998794555664062e+01,1.776328277587890625e+01,2.373408126831054688e+01,2.415996551513671875e+01,2.585026168823242188e+01,2.628009414672851562e+01,2.934873008728027344e+01,3.064844512939453125e+01,3.237203979492187500e+01,3.299362182617187500e+01,3.313842010498046875e+01,3.339385986328125000e+01,3.231180572509765625e+01,2.934563446044921875e+01,2.298506546020507812e+01,1.398412942886352539e+00,0.000000000000000000e+00,0.000000000000000000e+00,0.000000000000000000e+00,0.000000000000000000e+00,0.000000000000000000e+00,0.000000000000000000e+00,0.000000000000000000e+00,0.000000000000000000e+00,0.000000000000000000e+00,0.000000000000000000e+00,0.000000000000000000e+00,0.000000000000000000e+00,0.000000000000000000e+00,0.000000000000000000e+00,0.000000000000000000e+00,0.000000000000000000e+00,0.000000000000000000e+00,0.000000000000000000e+00,0.000000000000000000e+00,0.000000000000000000e+00,0.000000000000000000e+00,0.000000000000000000e+00,0.000000000000000000e+00,0.000000000000000000e+00,0.000000000000000000e+00,0.000000000000000000e+00,0.000000000000000000e+00,0.000000000000000000e+00,0.000000000000000000e+00,0.000000000000000000e+00,0.000000000000000000e+00,0.000000000000000000e+00,0.000000000000000000e+00,0.000000000000000000e+00,0.000000000000000000e+00,0.000000000000000000e+00,0.000000000000000000e+00,0.000000000000000000e+00,0.000000000000000000e+00,0.000000000000000000e+00,0.000000000000000000e+00,0.000000000000000000e+00,0.000000000000000000e+00,0.000000000000000000e+00,0.000000000000000000e+00,0.000000000000000000e+00,0.000000000000000000e+00,0.000000000000000000e+00,0.000000000000000000e+00,0.000000000000000000e+00,0.000000000000000000e+00,0.000000000000000000e+00,0.000000000000000000e+00,0.000000000000000000e+00,0.000000000000000000e+00,0.000000000000000000e+00,0.000000000000000000e+00,0.000000000000000000e+00,0.000000000000000000e+00,0.000000000000000000e+00,0.000000000000000000e+00,0.000000000000000000e+00,0.000000000000000000e+00,0.000000000000000000e+00,0.000000000000000000e+00
1.424818229675292969e+01,1.302628993988037109e+01,1.338549804687500000e+01,1.377297592163085938e+01,1.229654788970947266e+01,1.082625198364257812e+01,1.411765289306640625e+01,1.799004364013671875e+01,1.474557304382324219e+01,1.242720985412597656e+01,1.935480499267578125e+01,2.448085212707519531e+01,2.053773880004882812e+01,9.125992774963378906e+00,1.223910140991210938e+01,1.867942047119140625e+01,2.535941505432128906e+01,2.659738159179687500e+01,1.557568931579589844e+01,1.133389091491699219e+01,1.269741821289062500e+01,1.230063056945800781e+01,1.397687911987304688e+01,1.957504844665527344e+01,4.368082046508789062e+01,5.729264831542968750e+01,5.303569412231445312e+01,2.712266159057617188e+01,2.551369667053222656e+01,2.815772247314453125e+01,2.473425292968750000e+01,3.288733673095703125e+01,4.519020080566406250e+01,5.514993286132812500e+01,5.286901092529296875e+01,2.368004226684570312e+01,1.707762336730957031e+01,3.657389640808105469e+00,-1.228301811218261719e+01,-2.631135177612304688e+01,-3.547500610351562500e+01,-3.147983932495117188e+01,-6.898045539855957031e+00,1.318154811859130859e+01,6.724651336669921875e+00,-6.699759960174560547e-01,2.649191093444824219e+01,5.546576690673828125e+01,6.756719970703125000e+01,6.381481170654296875e+01,5.505392074584960938e+01,3.615475463867187500e+01,3.152747154235839844e+01,2.480860328674316406e+01,5.019906616210937500e+01,5.644181823730468750e+01,5.753013610839843750e+01,5.272875976562500000e+01,7.344258117675781250e+01,8.341765594482421875e+01,7.925082397460937500e+01,4.616111755371093750e+01,4.579139328002929688e+01,5.651311874389648438e+01,4.054387664794921875e+01,3.043746185302734375e+01,2.884047985076904297e+00,-2.787742996215820312e+01,-4.721776580810546875e+01,-6.209995269775390625e+01,-6.882212829589843750e+01,-6.378125000000000000e+01,-3.582085418701171875e+01,-3.269839859008789062e+01,-3.337019348144531250e+01,-2.230119705200195312e+01,-8.288679122924804688e+00,-3.293014049530029297e+00,2.698031902313232422e+00,6.364351272583007812e+00,8.476798057556152344e+00,8.868324279785156250e+00,1.067804145812988281e+01,1.083647346496582031e+01,1.200220870971679688e+01,1.216223430633544922e+01,1.459558105468750000e+01,1.479797458648681641e+01,1.097479629516601562e+01,8.587094306945800781e+00,1.016020393371582031e+01,1.267495155334472656e+00,0.000000000000000000e+00,0.000000000000000000e+00,0.000000000000000000e+00,0.000000000000000000e+00,0.000000000000000000e+00,0.000000000000000000e+00,0.000000000000000000e+00,0.000000000000000000e+00,0.000000000000000000e+00,0.000000000000000000e+00,0.000000000000000000e+00,0.000000000000000000e+00,0.000000000000000000e+00,0.000000000000000000e+00,0.000000000000000000e+00,0.000000000000000000e+00,0.000000000000000000e+00,0.000000000000000000e+00,0.000000000000000000e+00,0.000000000000000000e+00,0.000000000000000000e+00,0.000000000000000000e+00,0.000000000000000000e+00,0.000000000000000000e+00,0.000000000000000000e+00,0.000000000000000000e+00,0.000000000000000000e+00,0.000000000000000000e+00,0.000000000000000000e+00,0.000000000000000000e+00,0.000000000000000000e+00,0.000000000000000000e+00,0.000000000000000000e+00,0.000000000000000000e+00,0.000000000000000000e+00,0.000000000000000000e+00,0.000000000000000000e+00,0.000000000000000000e+00,0.000000000000000000e+00,0.000000000000000000e+00,0.000000000000000000e+00,0.000000000000000000e+00,0.000000000000000000e+00,0.000000000000000000e+00,0.000000000000000000e+00,0.000000000000000000e+00,0.000000000000000000e+00,0.000000000000000000e+00,0.000000000000000000e+00,0.000000000000000000e+00,0.000000000000000000e+00,0.000000000000000000e+00,0.000000000000000000e+00,0.000000000000000000e+00,0.000000000000000000e+00,0.000000000000000000e+00,0.000000000000000000e+00,0.000000000000000000e+00,0.000000000000000000e+00,0.000000000000000000e+00,0.000000000000000000e+00,0.000000000000000000e+00,0.000000000000000000e+00,0.000000000000000000e+00,0.000000000000000000e+00
2.983100414276123047e+00,3.768146753311157227e+00,4.252391815185546875e+00,3.011907100677490234e+00,1.103303432464599609e+00,1.940041065216064453e+00,4.469920158386230469e+00,5.154167652130126953e+00,2.878504037857055664e+00,1.372975826263427734e+00,1.043635177612304688e+01,1.993401336669921875e+01,1.454035568237304688e+01,6.264532804489135742e-01,3.904571533203125000e+00,-2.197334671020507812e+01,-3.469061279296875000e+01,-4.075337600708007812e+01,-4.453094482421875000e+01,-4.736048889160156250e+01,-3.971723175048828125e+01,-1.839724731445312500e+01,2.535450220108032227e+00,1.130180168151855469e+01,2.065005874633789062e+01,1.089499187469482422e+01,-1.025350284576416016e+01,-4.577270507812500000e+01,-5.553945541381835938e+01,-5.859244537353515625e+01,-6.464852905273437500e+01,-7.792280578613281250e+01,-8.545648193359375000e+01,-7.935507202148437500e+01,-7.210534667968750000e+01,-5.341266632080078125e+01,-5.437013244628906250e+01,-4.694893646240234375e+01,-2.892448806762695312e+01,-3.520500183105468750e+01,-3.661355590820312500e+01,-3.856085968017578125e+01,-3.397681427001953125e+01,-3.450907897949218750e+01,-2.451093482971191406e+01,-1.865898132324218750e+01,-5.078549194335937500e+01,-6.931666564941406250e+01,-7.584974670410156250e+01,-7.579971313476562500e+01,-6.195829772949218750e+01,-2.119173049926757812e+01,-1.117019271850585938e+01,-4.871952056884765625e+00,-3.929338073730468750e+01,-5.871699523925781250e+01,-6.686742401123046875e+01,-7.349029541015625000e+01,-5.734891128540039062e+01,-4.963108825683593750e+01,-3.517903900146484375e+01,-2.353231811523437500e+01,-8.771002769470214844e+00,-1.138603591918945312e+01,-4.405583572387695312e+01,-4.689712905883789062e+01,-4.444071578979492188e+01,-4.946260452270507812e+01,-5.405657958984375000e+01,-4.542044830322265625e+01,-4.091435623168945312e+01,-3.389714431762695312e+01,-3.381423187255859375e+01,-2.578557968139648438e+01,-4.912862777709960938e+00,1.495874285697937012e+00,5.679206848144531250e+00,3.005029678344726562e+00,1.860685229301452637e+00,3.627267360687255859e+00,2.843003034591674805e+00,3.442440748214721680e+00,1.678464174270629883e+00,-2.116261482238769531e+00,-5.235725641250610352e-01,-1.133480787277221680e+00,1.651231527328491211e+00,3.111169099807739258e+00,-1.795965671539306641e+00,-2.734647750854492188e+00,1.203241109848022461e+00,1.092634916305541992e+00,0.000000000000000000e+00,0.000000000000000000e+00,0.000000000000000000e+00,0.000000000000000000e+00,0.000000000000000000e+00,0.000000000000000000e+00,0.000000000000000000e+00,0.000000000000000000e+00,0.000000000000000000e+00,0.000000000000000000e+00,0.000000000000000000e+00,0.000000000000000000e+00,0.000000000000000000e+00,0.000000000000000000e+00,0.000000000000000000e+00,0.000000000000000000e+00,0.000000000000000000e+00,0.000000000000000000e+00,0.000000000000000000e+00,0.000000000000000000e+00,0.000000000000000000e+00,0.000000000000000000e+00,0.000000000000000000e+00,0.000000000000000000e+00,0.000000000000000000e+00,0.000000000000000000e+00,0.000000000000000000e+00,0.000000000000000000e+00,0.000000000000000000e+00,0.000000000000000000e+00,0.000000000000000000e+00,0.000000000000000000e+00,0.000000000000000000e+00,0.000000000000000000e+00,0.000000000000000000e+00,0.000000000000000000e+00,0.000000000000000000e+00,0.000000000000000000e+00,0.000000000000000000e+00,0.000000000000000000e+00,0.000000000000000000e+00,0.000000000000000000e+00,0.000000000000000000e+00,0.000000000000000000e+00,0.000000000000000000e+00,0.000000000000000000e+00,0.000000000000000000e+00,0.000000000000000000e+00,0.000000000000000000e+00,0.000000000000000000e+00,0.000000000000000000e+00,0.000000000000000000e+00,0.000000000000000000e+00,0.000000000000000000e+00,0.000000000000000000e+00,0.000000000000000000e+00,0.000000000000000000e+00,0.000000000000000000e+00,0.000000000000000000e+00,0.000000000000000000e+00,0.000000000000000000e+00,0.000000000000000000e+00,0.000000000000000000e+00,0.000000000000000000e+00,0.000000000000000000e+00
-1.570573925971984863e+00,-1.529605269432067871e+00,-2.279138565063476562e+00,-2.033714532852172852e+00,-3.088302135467529297e+00,6.461862921714782715e-01,2.257617950439453125e+00,-6.545197486877441406e+00,-6.847120285034179688e+00,-3.321226596832275391e+00,-5.859282016754150391e+00,-1.460676956176757812e+01,-1.460819435119628906e+01,-1.155743241310119629e+00,4.383227229118347168e-01,-6.130332946777343750e-01,6.122050285339355469e+00,4.407188892364501953e+00,-2.490372896194458008e+00,-8.737355232238769531e+00,-2.950746536254882812e+00,-4.963827610015869141e+00,1.104551792144775391e+00,8.002811431884765625e+00,1.584945869445800781e+01,1.416484260559082031e+01,9.430675506591796875e+00,-9.025943756103515625e+00,-2.707299423217773438e+01,-4.340000915527343750e+01,-4.786650466918945312e+01,-4.269715118408203125e+01,-3.213742065429687500e+01,-1.702064895629882812e+01,-2.420506095886230469e+01,-5.668740463256835938e+01,-5.843608856201171875e+01,-4.231641006469726562e+01,1.001770496368408203e+00,8.342072486877441406e+00,7.391660690307617188e+00,-3.994698762893676758e+00,-1.037767887115478516e+01,-1.100577354431152344e+01,-1.534636116027832031e+01,-2.973752593994140625e+01,-7.042828559875488281e+00,1.502024745941162109e+01,2.206269836425781250e+01,1.681840896606445312e+01,1.257234001159667969e+01,-1.699716186523437500e+01,-2.347654724121093750e+01,-2.406635665893554688e+01,-2.638980102539062500e+01,-2.912238121032714844e+01,-3.003577804565429688e+01,-2.741496276855468750e+01,-2.548302459716796875e+01,-2.232517814636230469e+01,-2.854591369628906250e+01,-2.718053436279296875e+01,-2.257571792602539062e+01,-3.898017120361328125e+01,-3.224131011962890625e+01,-1.677568817138671875e+01,3.349921464920043945e+00,2.068972778320312500e+01,2.486102867126464844e+01,1.927915954589843750e+01,2.724597930908203125e+01,4.143621826171875000e+01,4.648351669311523438e+01,4.213027191162109375e+01,2.540441131591796875e+01,2.003969573974609375e+01,1.818698501586914062e+01,1.167130279541015625e+01,5.303561210632324219e+00,4.202700614929199219e+00,2.552551746368408203e+00,1.499355196952819824e+00,-2.259305953979492188e+00,-6.771900177001953125e+00,-5.600881099700927734e+00,-6.134665489196777344e+00,-4.552346229553222656e+00,-2.736301898956298828e+00,-5.915039062500000000e+00,-7.725893020629882812e+00,-5.066713333129882812e+00,8.817721605300903320e-01,0.000000000000000000e+00,0.000000000000000000e+00,0.000000000000000000e+00,0.000000000000000000e+00,0.000000000000000000e+00,0.000000000000000000e+00,0.000000000000000000e+00,0.000000000000000000e+00,0.000000000000000000e+00,0.000000000000000000e+00,0.000000000000000000e+00,0.000000000000000000e+00,0.000000000000000000e+00,0.000000000000000000e+00,0.000000000000000000e+00,0.000000000000000000e+00,0.000000000000000000e+00,0.000000000000000000e+00,0.000000000000000000e+00,0.000000000000000000e+00,0.000000000000000000e+00,0.000000000000000000e+00,0.000000000000000000e+00,0.000000000000000000e+00,0.000000000000000000e+00,0.000000000000000000e+00,0.000000000000000000e+00,0.000000000000000000e+00,0.000000000000000000e+00,0.000000000000000000e+00,0.000000000000000000e+00,0.000000000000000000e+00,0.000000000000000000e+00,0.000000000000000000e+00,0.000000000000000000e+00,0.000000000000000000e+00,0.000000000000000000e+00,0.000000000000000000e+00,0.000000000000000000e+00,0.000000000000000000e+00,0.000000000000000000e+00,0.000000000000000000e+00,0.000000000000000000e+00,0.000000000000000000e+00,0.000000000000000000e+00,0.000000000000000000e+00,0.000000000000000000e+00,0.000000000000000000e+00,0.000000000000000000e+00,0.000000000000000000e+00,0.000000000000000000e+00,0.000000000000000000e+00,0.000000000000000000e+00,0.000000000000000000e+00,0.000000000000000000e+00,0.000000000000000000e+00,0.000000000000000000e+00,0.000000000000000000e+00,0.000000000000000000e+00,0.000000000000000000e+00,0.000000000000000000e+00,0.000000000000000000e+00,0.000000000000000000e+00,0.000000000000000000e+00,0.000000000000000000e+00
-8.268523216247558594e-01,-2.419523715972900391e+00,-3.105278730392456055e+00,-8.077494502067565918e-01,-2.415257930755615234e+00,2.176398754119873047e+00,4.448344230651855469e+00,-4.321403980255126953e+00,-6.044869422912597656e+00,-2.257766485214233398e+00,1.546727538108825684e+00,1.290590763092041016e+00,5.834739208221435547e-01,1.528630614280700684e+00,1.080446720123291016e+00,-3.744561004638671875e+01,-4.288597106933593750e+01,-4.152584075927734375e+01,-4.544047927856445312e+01,-5.387474060058593750e+01,-5.547927093505859375e+01,-4.825572967529296875e+01,-3.927450561523437500e+01,-2.802295303344726562e+01,1.284405040740966797e+01,1.652552604675292969e+01,1.825712966918945312e+01,1.208245563507080078e+01,6.714977741241455078e+00,2.283747196197509766e+00,-8.765937805175781250e+00,-1.654671287536621094e+01,-1.825576400756835938e+01,-1.994794082641601562e+01,-2.694161224365234375e+01,-2.673197746276855469e+01,-2.290202903747558594e+01,-1.563837718963623047e+01,1.690039157867431641e+00,5.066467761993408203e+00,-3.819008827209472656e+00,-1.320046615600585938e+01,-5.576859474182128906e+00,-6.136991024017333984e+00,-2.324430847167968750e+01,-4.755919647216796875e+01,-3.970651245117187500e+01,-2.506126403808593750e+01,-2.030723190307617188e+01,-2.591134643554687500e+01,-2.629072570800781250e+01,-1.140461254119873047e+01,-8.847076416015625000e+00,-1.021154403686523438e+01,-4.236981964111328125e+01,-4.387269592285156250e+01,-3.850966644287109375e+01,-2.560842323303222656e+01,-2.910422515869140625e+01,-2.897079086303710938e+01,-2.005055809020996094e+01,5.833973884582519531e+00,6.340015411376953125e+00,-1.540839862823486328e+01,-3.001008033752441406e+01,-3.612955856323242188e+01,-3.049022293090820312e+01,-1.902992057800292969e+01,-1.189683914184570312e+01,-9.862500190734863281e+00,-1.478709220886230469e+01,-2.334612274169921875e+01,-2.573718261718750000e+01,-1.645375251770019531e+01,9.702974557876586914e-02,6.366275787353515625e+00,8.224332809448242188e+00,5.635251045227050781e+00,1.176718473434448242e+00,2.902905941009521484e-01,1.345714807510375977e+00,-4.559520483016967773e-01,-2.975027084350585938e+00,-4.536386489868164062e+00,-4.579789161682128906e+00,-5.163411140441894531e+00,-4.738160133361816406e+00,-2.826616525650024414e+00,-2.721649646759033203e+00,-4.105214595794677734e+00,-4.253779411315917969e+00,6.444357037544250488e-01,0.000000000000000000e+00,0.000000000000000000e+00,0.000000000000000000e+00,0.000000000000000000e+00,0.000000000000000000e+00,0.000000000000000000e+00,0.000000000000000000e+00,0.000000000000000000e+00,0.000000000000000000e+00,0.000000000000000000e+00,0.000000000000000000e+00,0.000000000000000000e+00,0.000000000000000000e+00,0.000000000000000000e+00,0.000000000000000000e+00,0.000000000000000000e+00,0.000000000000000000e+00,0.000000000000000000e+00,0.000000000000000000e+00,0.000000000000000000e+00,0.000000000000000000e+00,0.000000000000000000e+00,0.000000000000000000e+00,0.000000000000000000e+00,0.000000000000000000e+00,0.000000000000000000e+00,0.000000000000000000e+00,0.000000000000000000e+00,0.000000000000000000e+00,0.000000000000000000e+00,0.000000000000000000e+00,0.000000000000000000e+00,0.000000000000000000e+00,0.000000000000000000e+00,0.000000000000000000e+00,0.000000000000000000e+00,0.000000000000000000e+00,0.000000000000000000e+00,0.000000000000000000e+00,0.000000000000000000e+00,0.000000000000000000e+00,0.000000000000000000e+00,0.000000000000000000e+00,0.000000000000000000e+00,0.000000000000000000e+00,0.000000000000000000e+00,0.000000000000000000e+00,0.000000000000000000e+00,0.000000000000000000e+00,0.000000000000000000e+00,0.000000000000000000e+00,0.000000000000000000e+00,0.000000000000000000e+00,0.000000000000000000e+00,0.000000000000000000e+00,0.000000000000000000e+00,0.000000000000000000e+00,0.000000000000000000e+00,0.000000000000000000e+00,0.000000000000000000e+00,0.000000000000000000e+00,0.000000000000000000e+00,0.000000000000000000e+00,0.000000000000000000e+00,0.000000000000000000e+00
1.244895339012145996e+00,-6.079931855201721191e-01,6.759659647941589355e-01,3.341510772705078125e+00,-6.509258151054382324e-01,1.717807769775390625e+00,5.912999153137207031e+00,5.817610740661621094e+00,3.199514150619506836e+00,1.033834695816040039e+00,8.567848205566406250e+00,1.818830871582031250e+01,1.685206604003906250e+01,4.948799133300781250e+00,3.106226921081542969e+00,-2.581829071044921875e+00,1.682502031326293945e+00,1.350749492645263672e+00,-2.128337144851684570e+00,-8.866996765136718750e+00,-1.471145820617675781e+01,-2.062781906127929688e+01,-2.034896469116210938e+01,-7.813304901123046875e+00,3.495266723632812500e+01,3.822936248779296875e+01,3.330164718627929688e+01,1.605250167846679688e+01,4.300096035003662109e+00,3.443853855133056641e+00,-2.830506265163421631e-01,2.026710987091064453e+00,-9.924346923828125000e+00,-2.471077919006347656e+01,-1.911261940002441406e+01,-1.949176406860351562e+01,-1.633440208435058594e+01,-1.311444664001464844e+01,-3.175392532348632812e+01,-3.925245666503906250e+01,-3.871552276611328125e+01,-2.762671279907226562e+01,-1.366527271270751953e+01,-4.350967407226562500e+00,-1.239511203765869141e+01,-1.294644737243652344e+01,-1.362995338439941406e+01,-1.602888870239257812e+01,-1.924888229370117188e+01,-1.726132583618164062e+01,-1.206762313842773438e+01,-4.790573120117187500e+00,-1.936074614524841309e+00,-2.535861968994140625e+00,-3.283990621566772461e+00,-3.006706476211547852e+00,-4.179011821746826172e+00,1.665972471237182617e+00,-4.709883689880371094e+00,-2.377122163772583008e+00,-9.941699504852294922e-01,-4.437445700168609619e-01,-3.141629695892333984e-02,-8.050898551940917969e+00,-5.452549457550048828e+00,-4.046091079711914062e+00,-9.875845909118652344e+00,-2.543486404418945312e+01,-3.999619674682617188e+01,-4.276988220214843750e+01,-4.749834060668945312e+01,-4.640925598144531250e+01,-3.731965637207031250e+01,-2.514960098266601562e+01,-1.424861907958984375e+01,-9.378564834594726562e+00,-7.076363563537597656e+00,-5.613304138183593750e+00,-5.494679450988769531e+00,-4.630496025085449219e+00,-9.931616187095642090e-01,-1.415995359420776367e-01,-8.616007566452026367e-01,-6.128965020179748535e-01,1.642819643020629883e-01,-1.782557606697082520e+00,-2.174641132354736328e+00,3.788583874702453613e-01,2.726803779602050781e+00,4.757058620452880859e+00,2.932912111282348633e+00,3.912976682186126709e-01,0.000000000000000000e+00,0.000000000000000000e+00,0.000000000000000000e+00,0.000000000000000000e+00,0.000000000000000000e+00,0.000000000000000000e+00,0.000000000000000000e+00,0.000000000000000000e+00,0.000000000000000000e+00,0.000000000000000000e+00,0.000000000000000000e+00,0.000000000000000000e+00,0.000000000000000000e+00,0.000000000000000000e+00,0.000000000000000000e+00,0.000000000000000000e+00,0.000000000000000000e+00,0.000000000000000000e+00,0.000000000000000000e+00,0.000000000000000000e+00,0.000000000000000000e+00,0.000000000000000000e+00,0.000000000000000000e+00,0.000000000000000000e+00,0.000000000000000000e+00,0.000000000000000000e+00,0.000000000000000000e+00,0.000000000000000000e+00,0.000000000000000000e+00,0.000000000000000000e+00,0.000000000000000000e+00,0.000000000000000000e+00,0.000000000000000000e+00,0.000000000000000000e+00,0.000000000000000000e+00,0.000000000000000000e+00,0.000000000000000000e+00,0.000000000000000000e+00,0.000000000000000000e+00,0.000000000000000000e+00,0.000000000000000000e+00,0.000000000000000000e+00,0.000000000000000000e+00,0.000000000000000000e+00,0.000000000000000000e+00,0.000000000000000000e+00,0.000000000000000000e+00,0.000000000000000000e+00,0.000000000000000000e+00,0.000000000000000000e+00,0.000000000000000000e+00,0.000000000000000000e+00,0.000000000000000000e+00,0.000000000000000000e+00,0.000000000000000000e+00,0.000000000000000000e+00,0.000000000000000000e+00,0.000000000000000000e+00,0.000000000000000000e+00,0.000000000000000000e+00,0.000000000000000000e+00,0.000000000000000000e+00,0.000000000000000000e+00,0.000000000000000000e+00,0.000000000000000000e+00
3.442142009735107422e+00,2.612124919891357422e+00,4.275087356567382812e+00,5.523403167724609375e+00,1.342199802398681641e+00,1.494033575057983398e+00,5.233488559722900391e+00,9.187568664550781250e+00,1.045516777038574219e+01,3.477726459503173828e+00,1.180029630661010742e+00,-9.326304495334625244e-02,1.037657022476196289e+00,7.773696899414062500e+00,6.070464611053466797e+00,1.000136947631835938e+01,1.064239311218261719e+01,8.815000534057617188e+00,5.130159854888916016e+00,-3.245868206024169922e+00,-8.081333637237548828e-01,-6.532906532287597656e+00,-1.096024322509765625e+01,-5.084446907043457031e+00,7.732847213745117188e+00,1.488301277160644531e+00,-2.710887432098388672e+00,-1.028490066528320312e+01,-7.232829570770263672e+00,-4.774589061737060547e+00,-8.492624282836914062e+00,-5.934701919555664062e+00,-1.596442317962646484e+01,-3.203580856323242188e+01,-1.973405075073242188e+01,-6.323980331420898438e+00,-2.012242555618286133e+00,6.987112998962402344e+00,5.639529228210449219e+00,1.547405838966369629e+00,5.431630134582519531e+00,4.868513107299804688e+00,1.014482402801513672e+01,3.397598266601562500e+00,-2.048571395874023438e+01,-3.244695281982421875e+01,-2.085876464843750000e+01,-1.546021461486816406e+01,-1.254074287414550781e+01,-1.081949806213378906e+01,-1.078656005859375000e+01,-8.523596763610839844e+00,-7.561858177185058594e+00,-8.027798652648925781e+00,-2.450904464721679688e+01,-2.253670120239257812e+01,-1.830551147460937500e+01,-8.280915260314941406e+00,-1.145904541015625000e+01,-1.141741561889648438e+01,-3.955435276031494141e+00,7.758571624755859375e+00,-6.297710537910461426e-01,-4.882606506347656250e+00,5.242908477783203125e+00,7.202663421630859375e+00,9.317409515380859375e+00,6.969456672668457031e+00,2.545377731323242188e+00,-1.271105051040649414e+00,-3.333621025085449219e+00,6.323283672332763672e+00,1.671808624267578125e+01,2.373101234436035156e+01,6.861313819885253906e+00,-2.266849279403686523e+00,-4.018760681152343750e+00,-3.155504703521728516e+00,-1.913774728775024414e+00,-3.335464000701904297e+00,-8.570381402969360352e-01,2.140816926956176758e+00,2.029711484909057617e+00,1.787127017974853516e+00,5.001798152923583984e+00,2.186853885650634766e+00,4.104450941085815430e-01,3.254676342010498047e+00,6.413609981536865234e+00,1.046368408203125000e+01,9.053491592407226562e+00,1.336568593978881836e-01,0.000000000000000000e+00,0.000000000000000000e+00,0.000000000000000000e+00,0.000000000000000000e+00,0.000000000000000000e+00,0.000000000000000000e+00,0.000000000000000000e+00,0.000000000000000000e+00,0.000000000000000000e+00,0.000000000000000000e+00,0.000000000000000000e+00,0.000000000000000000e+00,0.000000000000000000e+00,0.000000000000000000e+00,0.000000000000000000e+00,0.000000000000000000e+00,0.000000000000000000e+00,0.000000000000000000e+00,0.000000000000000000e+00,0.000000000000000000e+00,0.000000000000000000e+00,0.000000000000000000e+00,0.000000000000000000e+00,0.000000000000000000e+00,0.000000000000000000e+00,0.000000000000000000e+00,0.000000000000000000e+00,0.000000000000000000e+00,0.000000000000000000e+00,0.000000000000000000e+00,0.000000000000000000e+00,0.000000000000000000e+00,0.000000000000000000e+00,0.000000000000000000e+00,0.000000000000000000e+00,0.000000000000000000e+00,0.000000000000000000e+00,0.000000000000000000e+00,0.000000000000000000e+00,0.000000000000000000e+00,0.000000000000000000e+00,0.000000000000000000e+00,0.000000000000000000e+00,0.000000000000000000e+00,0.000000000000000000e+00,0.000000000000000000e+00,0.000000000000000000e+00,0.000000000000000000e+00,0.000000000000000000e+00,0.000000000000000000e+00,0.000000000000000000e+00,0.000000000000000000e+00,0.000000000000000000e+00,0.000000000000000000e+00,0.000000000000000000e+00,0.000000000000000000e+00,0.000000000000000000e+00,0.000000000000000000e+00,0.000000000000000000e+00,0.000000000000000000e+00,0.000000000000000000e+00,0.000000000000000000e+00,0.000000000000000000e+00,0.000000000000000000e+00,0.000000000000000000e+00
5.758551120758056641e+00,5.441585540771484375e+00,5.887207984924316406e+00,4.564790725708007812e+00,3.061778068542480469e+00,3.565563440322875977e+00,4.170768260955810547e+00,5.078177452087402344e+00,1.144969177246093750e+01,4.369387626647949219e+00,1.327890455722808838e-01,4.358664035797119141e+00,2.819410324096679688e+00,8.080487251281738281e+00,7.589136600494384766e+00,1.421169519424438477e+00,-1.467068195343017578e+00,2.329334735870361328e+00,3.961566925048828125e+00,4.050544261932373047e+00,8.443861007690429688e+00,-2.758078575134277344e+00,-6.280962944030761719e+00,-2.405945539474487305e+00,-1.182422041893005371e-01,1.559614062309265137e+00,1.003309488296508789e+00,-4.976088523864746094e+00,-1.526287937164306641e+01,-1.289093208312988281e+01,-1.521015739440917969e+01,-2.476511192321777344e+01,-3.322554016113281250e+01,-3.218037796020507812e+01,-2.975574111938476562e+01,-1.838536643981933594e+01,-1.824713516235351562e+01,-1.895507431030273438e+01,-1.741549491882324219e+01,-1.240976905822753906e+01,-2.071992683410644531e+01,-3.370626831054687500e+01,-2.722115325927734375e+01,-1.530725860595703125e+01,-3.620252227783203125e+01,-4.053289031982421875e+01,-3.867298126220703125e+01,-2.556409263610839844e+01,-1.619169235229492188e+01,-2.157210350036621094e+01,-3.074485397338867188e+01,-2.489369583129882812e+01,-2.290836334228515625e+01,-2.327719879150390625e+01,-1.080075645446777344e+01,-6.632479667663574219e+00,-2.316096067428588867e+00,7.185317993164062500e+00,3.353987216949462891e+00,-3.830074667930603027e-01,-6.927750587463378906e+00,7.715930461883544922e+00,5.052917003631591797e-01,-1.173506546020507812e+01,-1.745712280273437500e+01,-1.546213340759277344e+01,-1.423090934753417969e+01,-1.342510032653808594e+01,-1.716625785827636719e+01,-2.325779151916503906e+01,-2.323474502563476562e+01,-2.757915496826171875e+01,-2.204570388793945312e+01,-1.445739746093750000e+01,5.351992607116699219e+00,9.465867996215820312e+00,1.003451919555664062e+01,9.512733459472656250e+00,8.950380325317382812e+00,2.888519287109375000e+00,1.852488040924072266e+00,2.970896244049072266e+00,2.491664886474609375e+00,2.358774662017822266e+00,6.627803325653076172e+00,5.075673103332519531e+00,1.523218154907226562e+00,4.070309638977050781e+00,7.635486602783203125e+00,9.421449661254882812e+00,8.807346343994140625e+00,-1.170939803123474121e-01,0.000000000000000000e+00,0.000000000000000000e+00,0.000000000000000000e+00,0.000000000000000000e+00,0.000000000000000000e+00,0.000000000000000000e+00,0.000000000000000000e+00,0.000000000000000000e+00,0.000000000000000000e+00,0.000000000000000000e+00,0.000000000000000000e+00,0.000000000000000000e+00,0.000000000000000000e+00,0.000000000000000000e+00,0.000000000000000000e+00,0.000000000000000000e+00,0.000000000000000000e+00,0.000000000000000000e+00,0.000000000000000000e+00,0.000000000000000000e+00,0.000000000000000000e+00,0.000000000000000000e+00,0.000000000000000000e+00,0.000000000000000000e+00,0.000000000000000000e+00,0.000000000000000000e+00,0.000000000000000000e+00,0.000000000000000000e+00,0.000000000000000000e+00,0.000000000000000000e+00,0.000000000000000000e+00,0.000000000000000000e+00,0.000000000000000000e+00,0.000000000000000000e+00,0.000000000000000000e+00,0.000000000000000000e+00,0.000000000000000000e+00,0.000000000000000000e+00,0.000000000000000000e+00,0.000000000000000000e+00,0.000000000000000000e+00,0.000000000000000000e+00,0.000000000000000000e+00,0.000000000000000000e+00,0.000000000000000000e+00,0.000000000000000000e+00,0.000000000000000000e+00,0.000000000000000000e+00,0.000000000000000000e+00,0.000000000000000000e+00,0.000000000000000000e+00,0.000000000000000000e+00,0.000000000000000000e+00,0.000000000000000000e+00,0.000000000000000000e+00,0.000000000000000000e+00,0.000000000000000000e+00,0.000000000000000000e+00,0.000000000000000000e+00,0.000000000000000000e+00,0.000000000000000000e+00,0.000000000000000000e+00,0.000000000000000000e+00,0.000000000000000000e+00,0.000000000000000000e+00
6.463525772094726562e+00,5.889696121215820312e+00,7.226969718933105469e+00,3.037133216857910156e+00,2.669743776321411133e+00,4.361203670501708984e+00,2.380625009536743164e+00,4.614290714263916016e+00,8.646900177001953125e+00,3.925741434097290039e+00,4.035820484161376953e+00,1.419061565399169922e+01,1.423070144653320312e+01,3.817310810089111328e+00,3.871430397033691406e+00,-5.584988117218017578e+00,-4.357911109924316406e+00,-2.237939357757568359e+00,-7.279788017272949219e+00,-1.373824596405029297e+01,-1.402104473114013672e+01,-2.332049751281738281e+01,-2.755254364013671875e+01,-2.479492950439453125e+01,-1.924393534660339355e+00,-2.963493347167968750e+00,-2.837047576904296875e+00,-4.946442127227783203e+00,-1.237495994567871094e+01,-2.088921737670898438e+01,-2.772482299804687500e+01,-2.529891586303710938e+01,-1.322418212890625000e+01,6.297548294067382812e+00,8.755411148071289062e+00,-2.346835136413574219e+00,-3.018052816390991211e+00,-9.195768356323242188e+00,-1.702427673339843750e+01,-1.541001033782958984e+01,-2.978397750854492188e+01,-3.080533599853515625e+01,-1.382710456848144531e+01,5.190873146057128906e+00,-3.558310508728027344e+00,-2.744158935546875000e+01,-2.739669227600097656e+01,-1.947633361816406250e+01,-1.531719875335693359e+01,-1.711466979980468750e+01,-1.227909660339355469e+01,-6.868137359619140625e+00,-5.578087806701660156e+00,-1.107991218566894531e+01,-8.903576731681823730e-01,-5.858405232429504395e-01,9.291075468063354492e-01,3.189558029174804688e+00,6.712501049041748047e+00,8.258205413818359375e+00,7.421499252319335938e+00,1.222301959991455078e+01,2.307898521423339844e+00,-1.581596374511718750e+01,-1.567003631591796875e+01,-1.665896224975585938e+01,-2.001151657104492188e+01,-2.677936935424804688e+01,-3.081287765502929688e+01,-2.973286056518554688e+01,-2.195048141479492188e+01,-1.226215267181396484e+01,1.071660518646240234e-01,1.133491420745849609e+01,2.378274440765380859e+00,5.525191307067871094e+00,1.005380821228027344e+01,1.147767066955566406e+01,1.080677127838134766e+01,5.489568710327148438e+00,3.003269195556640625e+00,1.802092194557189941e+00,2.427127361297607422e-01,1.335424423217773438e+00,4.621708869934082031e+00,4.653996467590332031e+00,3.631204962730407715e-01,3.074022293090820312e+00,6.484680652618408203e+00,4.391987800598144531e+00,3.650468587875366211e+00,-3.500079214572906494e-01,0.000000000000000000e+00,0.000000000000000000e+00,0.000000000000000000e+00,0.000000000000000000e+00,0.000000000000000000e+00,0.000000000000000000e+00,0.000000000000000000e+00,0.000000000000000000e+00,0.000000000000000000e+00,0.000000000000000000e+00,0.000000000000000000e+00,0.000000000000000000e+00,0.000000000000000000e+00,0.000000000000000000e+00,0.000000000000000000e+00,0.000000000000000000e+00,0.000000000000000000e+00,0.000000000000000000e+00,0.000000000000000000e+00,0.000000000000000000e+00,0.000000000000000000e+00,0.000000000000000000e+00,0.000000000000000000e+00,0.000000000000000000e+00,0.000000000000000000e+00,0.000000000000000000e+00,0.000000000000000000e+00,0.000000000000000000e+00,0.000000000000000000e+00,0.000000000000000000e+00,0.000000000000000000e+00,0.000000000000000000e+00,0.000000000000000000e+00,0.000000000000000000e+00,0.000000000000000000e+00,0.000000000000000000e+00,0.000000000000000000e+00,0.000000000000000000e+00,0.000000000000000000e+00,0.000000000000000000e+00,0.000000000000000000e+00,0.000000000000000000e+00,0.000000000000000000e+00,0.000000000000000000e+00,0.000000000000000000e+00,0.000000000000000000e+00,0.000000000000000000e+00,0.000000000000000000e+00,0.000000000000000000e+00,0.000000000000000000e+00,0.000000000000000000e+00,0.000000000000000000e+00,0.000000000000000000e+00,0.000000000000000000e+00,0.000000000000000000e+00,0.000000000000000000e+00,0.000000000000000000e+00,0.000000000000000000e+00,0.000000000000000000e+00,0.000000000000000000e+00,0.000000000000000000e+00,0.000000000000000000e+00,0.000000000000000000e+00,0.000000000000000000e+00,0.000000000000000000e+00
5.526271343231201172e+00,6.831959247589111328e+00,9.546134948730468750e+00,3.589011192321777344e+00,1.814744830131530762e+00,3.585897207260131836e+00,4.619344174861907959e-01,4.349037170410156250e+00,6.023467063903808594e+00,4.167190551757812500e+00,3.852468490600585938e+00,3.365515708923339844e+00,2.564019918441772461e+00,8.779639005661010742e-01,2.820566296577453613e-01,1.010272693634033203e+01,1.040181159973144531e+01,1.054925537109375000e+01,8.536911010742187500e+00,7.504629135131835938e+00,1.108080673217773438e+01,4.882806539535522461e-02,1.519091129302978516e-01,9.086994171142578125e+00,1.281384277343750000e+01,1.324023151397705078e+01,1.491725540161132812e+01,1.461253166198730469e+00,-1.719509506225585938e+01,-2.632032394409179688e+01,-2.931525993347167969e+01,-2.153585052490234375e+01,-1.039389610290527344e+01,-1.597203016281127930e+00,8.402681350708007812e-02,1.514071178436279297e+01,1.317034530639648438e+01,1.484642028808593750e+00,-9.111513137817382812e+00,-8.293903350830078125e+00,-1.718543624877929688e+01,-2.993766784667968750e+00,1.349783515930175781e+01,2.119141387939453125e+01,8.777435302734375000e+00,-4.814901351928710938e+00,-8.534107208251953125e+00,-1.366407775878906250e+01,-2.348097229003906250e+01,-1.976198005676269531e+01,-1.336966800689697266e+01,-4.756615638732910156e+00,-9.801834225654602051e-01,7.191518545150756836e-01,-7.201884269714355469e+00,-5.969579219818115234e+00,-5.562074661254882812e+00,-7.818884849548339844e+00,-6.447991371154785156e+00,-2.730648517608642578e+00,-2.683343410491943359e+00,-1.934992790222167969e+00,-5.368597984313964844e+00,1.227229714393615723e+00,-5.774990081787109375e+00,-1.083544349670410156e+01,-1.659440994262695312e+01,-1.741462707519531250e+01,-1.401743507385253906e+01,-8.987560272216796875e+00,-8.361698150634765625e+00,-1.008612823486328125e+01,-2.613855123519897461e+00,-1.544394016265869141e+00,-1.489483070373535156e+01,-1.014793491363525391e+01,-5.043893814086914062e+00,1.908552497625350952e-01,2.176195383071899414e+00,2.292527437210083008e+00,1.487592458724975586e+00,1.301842689514160156e+00,-7.030758857727050781e-01,6.996218562126159668e-01,1.759804487228393555e+00,1.975087404251098633e+00,-1.359855175018310547e+00,1.518374323844909668e+00,3.821338415145874023e+00,4.003546237945556641e-01,-7.202277183532714844e-01,-5.550940036773681641e-01,0.000000000000000000e+00,0.000000000000000000e+00,0.000000000000000000e+00,0.000000000000000000e+00,0.000000000000000000e+00,0.000000000000000000e+00,0.000000000000000000e+00,0.000000000000000000e+00,0.000000000000000000e+00,0.000000000000000000e+00,0.000000000000000000e+00,0.000000000000000000e+00,0.000000000000000000e+00,0.000000000000000000e+00,0.000000000000000000e+00,0.000000000000000000e+00,0.000000000000000000e+00,0.000000000000000000e+00,0.000000000000000000e+00,0.000000000000000000e+00,0.000000000000000000e+00,0.000000000000000000e+00,0.000000000000000000e+00,0.000000000000000000e+00,0.000000000000000000e+00,0.000000000000000000e+00,0.000000000000000000e+00,0.000000000000000000e+00,0.000000000000000000e+00,0.000000000000000000e+00,0.000000000000000000e+00,0.000000000000000000e+00,0.000000000000000000e+00,0.000000000000000000e+00,0.000000000000000000e+00,0.000000000000000000e+00,0.000000000000000000e+00,0.000000000000000000e+00,0.000000000000000000e+00,0.000000000000000000e+00,0.000000000000000000e+00,0.000000000000000000e+00,0.000000000000000000e+00,0.000000000000000000e+00,0.000000000000000000e+00,0.000000000000000000e+00,0.000000000000000000e+00,0.000000000000000000e+00,0.000000000000000000e+00,0.000000000000000000e+00,0.000000000000000000e+00,0.000000000000000000e+00,0.000000000000000000e+00,0.000000000000000000e+00,0.000000000000000000e+00,0.000000000000000000e+00,0.000000000000000000e+00,0.000000000000000000e+00,0.000000000000000000e+00,0.000000000000000000e+00,0.000000000000000000e+00,0.000000000000000000e+00,0.000000000000000000e+00,0.000000000000000000e+00,0.000000000000000000e+00
3.408169507980346680e+00,6.855420589447021484e+00,8.341833114624023438e+00,3.247773647308349609e+00,7.393148541450500488e-01,2.033029317855834961e+00,-1.613950729370117188e-02,2.034951448440551758e-01,2.865275859832763672e+00,4.421751022338867188e+00,2.896407127380371094e+00,-1.579899907112121582e+00,-2.743801832199096680e+00,2.117883443832397461e+00,1.113191843032836914e+00,1.928808975219726562e+01,2.025245094299316406e+01,1.421151351928710938e+01,5.178485393524169922e+00,6.025687456130981445e-01,4.765490531921386719e+00,-1.677438735961914062e+00,-1.604426383972167969e+01,-1.806365585327148438e+01,-1.429996490478515625e+01,-8.818597793579101562e+00,-8.300014495849609375e+00,-9.788931846618652344e+00,-1.276690864562988281e+01,-1.395144176483154297e+01,-2.228181660175323486e-01,2.188476562500000000e+01,3.528710174560546875e+01,2.951818466186523438e+01,1.450313472747802734e+01,-8.441071510314941406e+00,-5.496590137481689453e+00,3.552948236465454102e-01,-3.755464076995849609e+00,-2.387357902526855469e+01,-2.764021682739257812e+01,-1.485861301422119141e+01,5.755321502685546875e+00,2.157923889160156250e+01,2.109803390502929688e+01,-2.090997695922851562e+00,-8.215148925781250000e+00,-8.329393386840820312e+00,-1.297133827209472656e+01,-6.963316917419433594e+00,-1.594707131385803223e+00,-4.963952064514160156e+00,-1.158057785034179688e+01,-1.497157669067382812e+01,-1.828550338745117188e+01,-1.498631286621093750e+01,-1.465323734283447266e+01,-2.121679878234863281e+01,-1.458668518066406250e+01,-1.054583263397216797e+01,-7.447010040283203125e+00,-1.010975742340087891e+01,-1.423574352264404297e+01,-1.761100578308105469e+01,-2.157065391540527344e+01,-1.535871124267578125e+01,-1.349112129211425781e+01,-2.572262573242187500e+01,-4.103408813476562500e+01,-5.239476776123046875e+01,-5.278384017944335938e+01,-3.954286956787109375e+01,-2.272333908081054688e+01,-3.110832786560058594e+01,-2.734031677246093750e+01,-1.594706344604492188e+01,-1.386147880554199219e+01,-7.616720199584960938e+00,-4.059097290039062500e+00,-1.303582429885864258e+00,-5.441634058952331543e-01,1.076752662658691406e+00,2.615298628807067871e-01,6.244608163833618164e-01,-6.518080830574035645e-01,-6.884405016899108887e-01,-2.191544532775878906e+00,-1.104647636413574219e+00,-4.117597341537475586e-01,-1.899045586585998535e+00,-2.481160163879394531e+00,-7.237765789031982422e-01,0.000000000000000000e+00,0.000000000000000000e+00,0.000000000000000000e+00,0.000000000000000000e+00,0.000000000000000000e+00,0.000000000000000000e+00,0.000000000000000000e+00,0.000000000000000000e+00,0.000000000000000000e+00,0.000000000000000000e+00,0.000000000000000000e+00,0.000000000000000000e+00,0.000000000000000000e+00,0.000000000000000000e+00,0.000000000000000000e+00,0.000000000000000000e+00,0.000000000000000000e+00,0.000000000000000000e+00,0.000000000000000000e+00,0.000000000000000000e+00,0.000000000000000000e+00,0.000000000000000000e+00,0.000000000000000000e+00,0.000000000000000000e+00,0.000000000000000000e+00,0.000000000000000000e+00,0.000000000000000000e+00,0.000000000000000000e+00,0.000000000000000000e+00,0.000000000000000000e+00,0.000000000000000000e+00,0.000000000000000000e+00,0.000000000000000000e+00,0.000000000000000000e+00,0.000000000000000000e+00,0.000000000000000000e+00,0.000000000000000000e+00,0.000000000000000000e+00,0.000000000000000000e+00,0.000000000000000000e+00,0.000000000000000000e+00,0.000000000000000000e+00,0.000000000000000000e+00,0.000000000000000000e+00,0.000000000000000000e+00,0.000000000000000000e+00,0.000000000000000000e+00,0.000000000000000000e+00,0.000000000000000000e+00,0.000000000000000000e+00,0.000000000000000000e+00,0.000000000000000000e+00,0.000000000000000000e+00,0.000000000000000000e+00,0.000000000000000000e+00,0.000000000000000000e+00,0.000000000000000000e+00,0.000000000000000000e+00,0.000000000000000000e+00,0.000000000000000000e+00,0.000000000000000000e+00,0.000000000000000000e+00,0.000000000000000000e+00,0.000000000000000000e+00,0.000000000000000000e+00
