-1.975889129638671875e+02,-1.702673339843750000e+02,-1.712286376953125000e+02,-1.691303863525390625e+02,-1.592083587646484375e+02,-1.374894561767578125e+02,-1.551035003662109375e+02,-1.850481262207031250e+02,-2.023004302978515625e+02,-2.222098083496093750e+02,-2.256096191406250000e+02,-2.262019653320312500e+02,-1.677078247070312500e+02,-2.957816886901855469e+01,4.318026351928710938e+01,6.601199340820312500e+01,7.594749450683593750e+01,9.175391387939453125e+01,9.845704650878906250e+01,1.026555557250976562e+02,1.515218048095703125e+02,1.612017364501953125e+02,1.204537963867187500e+02,9.102388000488281250e+01,6.095032119750976562e+01,-3.644457244873046875e+01,-4.823075485229492188e+01,5.160752487182617188e+01,1.415667724609375000e+02,1.568942413330078125e+02,9.857497406005859375e+01,2.581746482849121094e+01,7.678393840789794922e+00,1.591266441345214844e+01,6.940562438964843750e+01,1.200922927856445312e+02,1.272881088256835938e+02,1.401337738037109375e+02,1.467274780273437500e+02,1.230931167602539062e+02,8.208728027343750000e+01,1.405003166198730469e+01,-6.492599487304687500e+01,-1.191352310180664062e+02,1.211130714416503906e+01,7.803212738037109375e+01,8.019865417480468750e+01,7.750774383544921875e+01,7.362007141113281250e+01,5.860352325439453125e+01,1.170139999389648438e+02,2.009040374755859375e+02,2.106749572753906250e+02,1.721313171386718750e+02,1.352529907226562500e+02,1.475630798339843750e+02,1.680106811523437500e+02,1.564590148925781250e+02,1.313462066650390625e+02,1.349113159179687500e+02,1.286715240478515625e+02,8.607677459716796875e+01,2.686625862121582031e+01,9.430997467041015625e+01,1.465358734130859375e+02,1.601788177490234375e+02,1.544642639160156250e+02,1.143181533813476562e+02,2.573003387451171875e+01,1.434822177886962891e+01,-2.144667863845825195e+00,3.312503814697265625e+00,8.811503601074218750e+01,1.229419097900390625e+02,1.018842086791992188e+02,2.079731559753417969e+01,-8.545722007751464844e+00,-2.666708564758300781e+01,9.033556365966796875e+01,1.609628143310546875e+02,1.670587463378906250e+02,1.546603088378906250e+02,9.206498718261718750e+01,-6.378404235839843750e+01,3.060602378845214844e+01,1.805223388671875000e+02,2.204706420898437500e+02,1.977869873046875000e+02,1.585445098876953125e+02,1.276916427612304688e+02,8.401246643066406250e+01,1.926477050781250000e+01,-3.955008316040039062e+01,-8.670087432861328125e+01,-1.374325103759765625e+02,-1.477278442382812500e+02,-1.776644134521484375e+02,-2.013339843750000000e+02,-2.096977233886718750e+02,-2.215008544921875000e+02,-2.269873962402343750e+02,-2.258683624267578125e+02,-2.259912567138671875e+02,-2.240013885498046875e+02,-2.263253936767578125e+02,-2.263678131103515625e+02,-2.275920715332031250e+02,-2.264799499511718750e+02,-2.257606201171875000e+02,-2.300355529785156250e+02,-2.240832672119140625e+02,-2.242953948974609375e+02,-2.264693908691406250e+02,-2.263846893310546875e+02,-2.262934722900390625e+02,-2.464631958007812500e+02,-3.186460571289062500e+02,-3.610655822753906250e+02,-3.610655822753906250e+02,-3.610655822753906250e+02,-3.610655822753906250e+02,-3.610655822753906250e+02,-3.610655822753906250e+02,-3.610655822753906250e+02,-3.610655822753906250e+02,-3.610655822753906250e+02,-3.610655822753906250e+02,-3.610655822753906250e+02,-3.610655822753906250e+02,-3.610655822753906250e+02,-3.610655822753906250e+02,-3.610655822753906250e+02,-3.610655822753906250e+02,-3.610655822753906250e+02,-3.610655822753906250e+02,-3.610655822753906250e+02,-3.610655822753906250e+02,-3.610655822753906250e+02,-3.610655822753906250e+02,-3.610655822753906250e+02,-3.610655822753906250e+02,-3.610655822753906250e+02,-3.610655822753906250e+02,-3.610655822753906250e+02,-3.610655822753906250e+02,-3.610655822753906250e+02,-3.610655822753906250e+02,-3.610655822753906250e+02,-3.610655822753906250e+02,-3.610655822753906250e+02,-3.610655822753906250e+02,-3.610655822753906250e+02,-3.610655822753906250e+02,-3.610655822753906250e+02,-3.610655822753906250e+02,-3.610655822753906250e+02,-3.610655822753906250e+02
6.710029602050781250e+01,5.903326416015625000e+01,5.939678955078125000e+01,6.460311889648437500e+01,6.722148895263671875e+01,5.423956298828125000e+01,5.335455322265625000e+01,6.856282043457031250e+01,6.861995697021484375e+01,6.084074020385742188e+01,5.809262084960937500e+01,6.071903228759765625e+01,1.047695465087890625e+02,1.267945404052734375e+02,1.286215209960937500e+02,1.292902526855468750e+02,1.303171844482421875e+02,1.212561798095703125e+02,1.244026031494140625e+02,1.312926635742187500e+02,9.836172485351562500e+01,8.642266845703125000e+01,9.749073791503906250e+01,1.448759460449218750e+02,1.560894775390625000e+02,1.315010528564453125e+02,9.697445678710937500e+01,1.249425201416015625e+02,1.591063842773437500e+02,1.547908782958984375e+02,1.454376831054687500e+02,1.099382781982421875e+02,1.037685852050781250e+02,1.068290710449218750e+02,9.990630340576171875e+01,7.354038238525390625e+01,5.605168151855468750e+01,6.712766265869140625e+01,8.280773925781250000e+01,1.120744857788085938e+02,1.363728485107421875e+02,1.422033233642578125e+02,1.094884109497070312e+02,5.500398635864257812e+01,7.047368621826171875e+01,7.360340118408203125e+01,6.857110595703125000e+01,6.288788223266601562e+01,1.047881889343261719e+01,-3.923573303222656250e+01,1.947111320495605469e+01,9.129726409912109375e+01,1.226387176513671875e+02,1.276154785156250000e+02,1.431871032714843750e+02,1.393278808593750000e+02,1.161927642822265625e+02,1.188731155395507812e+02,1.523823242187500000e+02,1.672566833496093750e+02,1.756423950195312500e+02,1.608892822265625000e+02,1.174158020019531250e+02,1.525516662597656250e+02,1.512835693359375000e+02,1.334250183105468750e+02,1.272782058715820312e+02,1.342530212402343750e+02,1.204821929931640625e+02,1.197423858642578125e+02,1.100459594726562500e+02,9.046600341796875000e+01,1.679466400146484375e+02,1.883108367919921875e+02,1.674259948730468750e+02,1.200924682617187500e+02,9.793264007568359375e+01,1.113810272216796875e+02,1.387686157226562500e+02,1.492203369140625000e+02,1.555324707031250000e+02,1.653206787109375000e+02,1.645089111328125000e+02,1.417642822265625000e+02,1.290268554687500000e+02,1.210303497314453125e+02,1.031476135253906250e+02,8.380216979980468750e+01,7.209185791015625000e+01,7.273567199707031250e+01,7.924696350097656250e+01,8.909437561035156250e+01,9.773757171630859375e+01,1.063458404541015625e+02,8.810443115234375000e+01,8.161883544921875000e+01,7.982427978515625000e+01,7.673824310302734375e+01,7.263459014892578125e+01,6.560667419433593750e+01,6.097829437255859375e+01,5.758117675781250000e+01,5.990882873535156250e+01,6.280498886108398438e+01,5.953886413574218750e+01,5.459201812744140625e+01,5.354714965820312500e+01,5.769078063964843750e+01,5.613832092285156250e+01,5.226726150512695312e+01,5.744628524780273438e+01,5.977517700195312500e+01,5.879718780517578125e+01,5.879442214965820312e+01,6.076882171630859375e+01,5.882717895507812500e+01,4.484555816650390625e+01,0.000000000000000000e+00,0.000000000000000000e+00,0.000000000000000000e+00,0.000000000000000000e+00,0.000000000000000000e+00,0.000000000000000000e+00,0.000000000000000000e+00,0.000000000000000000e+00,0.000000000000000000e+00,0.000000000000000000e+00,0.000000000000000000e+00,0.000000000000000000e+00,0.000000000000000000e+00,0.000000000000000000e+00,0.000000000000000000e+00,0.000000000000000000e+00,0.000000000000000000e+00,0.000000000000000000e+00,0.000000000000000000e+00,0.000000000000000000e+00,0.000000000000000000e+00,0.000000000000000000e+00,0.000000000000000000e+00,0.000000000000000000e+00,0.000000000000000000e+00,0.000000000000000000e+00,0.000000000000000000e+00,0.000000000000000000e+00,0.000000000000000000e+00,0.000000000000000000e+00,0.000000000000000000e+00,0.000000000000000000e+00,0.000000000000000000e+00,0.000000000000000000e+00,0.000000000000000000e+00,0.000000000000000000e+00,0.000000000000000000e+00,0.000000000000000000e+00,0.000000000000000000e+00,0.000000000000000000e+00
-3.683973312377929688e+00,-1.150304222106933594e+01,-1.263783645629882812e+01,-8.903840065002441406e+00,-1.269117736816406250e+01,-2.166866683959960938e+01,-1.486285495758056641e+01,2.611345767974853516e+00,1.395745658874511719e+01,2.282126617431640625e+01,2.319310760498046875e+01,2.841651916503906250e+01,4.301193237304687500e+01,-2.465455293655395508e+00,-2.166223144531250000e+01,-3.017793083190917969e+01,-4.286698913574218750e+01,-6.849237060546875000e+01,-6.499755859375000000e+01,-6.149569702148437500e+01,-6.547746276855468750e+01,-7.259462738037109375e+01,-7.351283264160156250e+01,-7.498583984375000000e+01,-4.112637329101562500e+01,5.026826858520507812e+00,-1.438325119018554688e+01,-1.710903167724609375e+01,-4.443009185791015625e+01,-4.470779418945312500e+01,-2.496235656738281250e+01,-1.486176109313964844e+01,-1.027496719360351562e+01,-2.245551872253417969e+01,-2.209570693969726562e+01,-3.014688301086425781e+01,-4.409416198730468750e+01,-5.663786315917968750e+01,-6.679621887207031250e+01,-6.695986175537109375e+01,-2.773098754882812500e+01,4.371599197387695312e+00,6.851422309875488281e+00,1.388786125183105469e+01,1.885955429077148438e+01,5.966102123260498047e+00,-2.106592893600463867e+00,4.523394584655761719e+00,3.453889465332031250e+01,3.116962051391601562e+01,2.585569381713867188e+01,-1.975470352172851562e+01,-5.476735687255859375e+01,-6.871070861816406250e+01,-8.154811096191406250e+01,-8.402992248535156250e+01,-8.640142822265625000e+01,-9.010063171386718750e+01,-8.451946258544921875e+01,-7.297837066650390625e+01,-5.230199050903320312e+01,-3.816408538818359375e+01,-3.998320770263671875e+01,-6.414133453369140625e+01,-9.630218505859375000e+01,-1.174798889160156250e+02,-1.069479217529296875e+02,-8.769835662841796875e+01,-4.151805877685546875e+01,-2.540519332885742188e+01,-1.920629310607910156e+01,-3.388959503173828125e+01,-3.858311462402343750e+01,-5.001880264282226562e+01,-4.220921325683593750e+01,-1.224669456481933594e+01,-1.220905399322509766e+01,-1.189250755310058594e+01,-3.711911010742187500e+01,-6.438689422607421875e+01,-8.276062011718750000e+01,-7.420868682861328125e+01,-5.056680297851562500e+01,3.738296985626220703e+00,-2.796684265136718750e+01,-4.962685012817382812e+01,-5.779037475585937500e+01,-5.673545837402343750e+01,-4.606900024414062500e+01,-3.356003189086914062e+01,-1.830854034423828125e+01,-6.996012687683105469e+00,5.373244285583496094e+00,2.454293060302734375e+01,3.772550964355468750e+01,3.350728225708007812e+01,4.287782669067382812e+01,5.064863204956054688e+01,4.502998352050781250e+01,3.779845809936523438e+01,3.656317901611328125e+01,3.183880615234375000e+01,3.057749938964843750e+01,3.257217407226562500e+01,3.374893188476562500e+01,3.180162811279296875e+01,2.925736427307128906e+01,3.126137733459472656e+01,3.001916694641113281e+01,2.948966979980468750e+01,2.805771064758300781e+01,3.035694885253906250e+01,3.147430038452148438e+01,3.086625671386718750e+01,3.581945037841796875e+01,3.917118835449218750e+01,3.892253875732421875e+01,0.000000000000000000e+00,0.000000000000000000e+00,0.000000000000000000e+00,0.000000000000000000e+00,0.000000000000000000e+00,0.000000000000000000e+00,0.000000000000000000e+00,0.000000000000000000e+00,0.000000000000000000e+00,0.000000000000000000e+00,0.000000000000000000e+00,0.000000000000000000e+00,0.000000000000000000e+00,0.000000000000000000e+00,0.000000000000000000e+00,0.000000000000000000e+00,0.000000000000000000e+00,0.000000000000000000e+00,0.000000000000000000e+00,0.000000000000000000e+00,0.000000000000000000e+00,0.000000000000000000e+00,0.000000000000000000e+00,0.000000000000000000e+00,0.000000000000000000e+00,0.000000000000000000e+00,0.000000000000000000e+00,0.000000000000000000e+00,0.000000000000000000e+00,0.000000000000000000e+00,0.000000000000000000e+00,0.000000000000000000e+00,0.000000000000000000e+00,0.000000000000000000e+00,0.000000000000000000e+00,0.000000000000000000e+00,0.000000000000000000e+00,0.000000000000000000e+00,0.000000000000000000e+00,0.000000000000000000e+00
3.791480636596679688e+01,4.203488922119140625e+01,4.311058807373046875e+01,3.806153869628906250e+01,3.081307983398437500e+01,4.071237182617187500e+01,4.027255630493164062e+01,3.300695037841796875e+01,3.230883789062500000e+01,3.408536911010742188e+01,3.416690826416015625e+01,3.496358489990234375e+01,5.893506622314453125e+01,7.540327453613281250e+01,6.569411468505859375e+01,5.562919235229492188e+01,5.518957519531250000e+01,7.144407653808593750e+01,9.708147430419921875e+01,1.004986724853515625e+02,1.037864761352539062e+02,9.367674255371093750e+01,8.976998138427734375e+01,6.879643249511718750e+01,5.180295944213867188e+01,4.427130508422851562e+01,1.740587043762207031e+01,1.616362762451171875e+01,1.840786743164062500e+01,1.999859237670898438e+01,4.089934539794921875e+01,8.511853027343750000e+01,9.622528076171875000e+01,8.753036499023437500e+01,9.940834808349609375e+01,1.085960388183593750e+02,1.105879821777343750e+02,1.057460479736328125e+02,8.590975952148437500e+01,6.087525939941406250e+01,5.183215332031250000e+01,5.614955902099609375e+01,8.045547485351562500e+01,6.893189239501953125e+01,1.043517913818359375e+02,1.280791931152343750e+02,1.291331329345703125e+02,1.273074569702148438e+02,1.150732421875000000e+02,9.069557189941406250e+01,5.404465103149414062e+01,4.513368988037109375e+01,5.197426605224609375e+01,3.350878143310546875e+01,2.094527816772460938e+01,2.749036026000976562e+01,3.396867370605468750e+01,3.638618469238281250e+01,2.809476280212402344e+01,1.992941093444824219e+01,2.137906455993652344e+01,3.665373992919921875e+01,5.909815216064453125e+01,2.544342803955078125e+01,2.202921485900878906e+01,3.449505615234375000e+01,4.917102813720703125e+01,5.355825805664062500e+01,6.436904144287109375e+01,7.102073669433593750e+01,6.305886459350585938e+01,4.800397491455078125e+01,1.177010345458984375e+01,1.644712829589843750e+01,3.470815277099609375e+01,7.420173645019531250e+01,7.884084320068359375e+01,5.139019012451171875e+01,3.875637817382812500e+01,3.487879180908203125e+01,1.895886611938476562e+01,1.453783607482910156e+01,1.726443672180175781e+01,1.030425643920898438e+01,4.960720825195312500e+01,5.748998641967773438e+01,6.878399658203125000e+01,8.322288513183593750e+01,9.902075195312500000e+01,1.103345947265625000e+02,1.214648208618164062e+02,1.254324951171875000e+02,1.197216644287109375e+02,1.042826538085937500e+02,8.213038635253906250e+01,8.049902343750000000e+01,7.337477111816406250e+01,6.434317779541015625e+01,5.284469223022460938e+01,4.395454025268554688e+01,4.011099243164062500e+01,3.498598480224609375e+01,3.651419830322265625e+01,3.851546096801757812e+01,4.122587203979492188e+01,4.282131195068359375e+01,3.825476074218750000e+01,3.670983886718750000e+01,3.687267684936523438e+01,3.587462615966796875e+01,3.516947174072265625e+01,3.607765197753906250e+01,3.987560272216796875e+01,4.076010131835937500e+01,3.934931945800781250e+01,3.960285186767578125e+01,3.341123199462890625e+01,0.000000000000000000e+00,0.000000000000000000e+00,0.000000000000000000e+00,0.000000000000000000e+00,0.000000000000000000e+00,0.000000000000000000e+00,0.000000000000000000e+00,0.000000000000000000e+00,0.000000000000000000e+00,0.000000000000000000e+00,0.000000000000000000e+00,0.000000000000000000e+00,0.000000000000000000e+00,0.000000000000000000e+00,0.000000000000000000e+00,0.000000000000000000e+00,0.000000000000000000e+00,0.000000000000000000e+00,0.000000000000000000e+00,0.000000000000000000e+00,0.000000000000000000e+00,0.000000000000000000e+00,0.000000000000000000e+00,0.000000000000000000e+00,0.000000000000000000e+00,0.000000000000000000e+00,0.000000000000000000e+00,0.000000000000000000e+00,0.000000000000000000e+00,0.000000000000000000e+00,0.000000000000000000e+00,0.000000000000000000e+00,0.000000000000000000e+00,0.000000000000000000e+00,0.000000000000000000e+00,0.000000000000000000e+00,0.000000000000000000e+00,0.000000000000000000e+00,0.000000000000000000e+00,0.000000000000000000e+00
2.039205551147460938e+01,2.040203094482421875e+01,1.637403106689453125e+01,1.119220733642578125e+01,5.146018981933593750e+00,-2.572290420532226562e+00,4.635058641433715820e-01,9.411220550537109375e+00,1.249481010437011719e+01,1.108151626586914062e+01,4.974465370178222656e+00,5.289049148559570312e+00,1.649404525756835938e+01,-3.484952926635742188e+00,-1.648611450195312500e+01,-2.792104148864746094e+01,-3.734419250488281250e+01,-3.231857681274414062e+01,-2.219487190246582031e+01,-2.719574737548828125e+01,-4.383013534545898438e+01,-5.638696289062500000e+01,-5.423269653320312500e+01,-2.888257789611816406e+01,-1.100444793701171875e+01,-9.327693939208984375e+00,-1.264421844482421875e+01,-4.275018692016601562e+01,-7.224935913085937500e+01,-8.513077545166015625e+01,-8.529284667968750000e+01,-4.807900619506835938e+01,-1.839486312866210938e+01,7.210119247436523438e+00,4.030697941780090332e-01,-1.548244285583496094e+01,-2.022422409057617188e+01,-2.664702606201171875e+01,-2.877109527587890625e+01,-3.022788619995117188e+01,-2.893529129028320312e+01,-2.162015724182128906e+01,-6.711560249328613281e+00,-1.290068340301513672e+01,-2.340202331542968750e+01,-3.124105453491210938e+01,-3.692596435546875000e+01,-4.158844757080078125e+01,-2.663232803344726562e+01,-1.879949569702148438e+01,-2.818146896362304688e+01,-4.657741546630859375e+01,-6.780274200439453125e+01,-8.179782867431640625e+01,-7.964085388183593750e+01,-8.348063659667968750e+01,-8.427028656005859375e+01,-7.662864685058593750e+01,-7.124382019042968750e+01,-8.147406005859375000e+01,-9.089811706542968750e+01,-9.155520629882812500e+01,-6.885708618164062500e+01,-8.225572967529296875e+01,-7.228739166259765625e+01,-5.921570205688476562e+01,-5.565159606933593750e+01,-4.819643402099609375e+01,-3.335789489746093750e+01,-2.811106109619140625e+01,-1.033587646484375000e+01,-2.530857086181640625e+01,-6.741208648681640625e+01,-7.802471923828125000e+01,-8.704750061035156250e+01,-6.642585754394531250e+01,-3.549334335327148438e+01,-2.758471298217773438e+01,-6.545605468750000000e+01,-8.011476898193359375e+01,-9.295922851562500000e+01,-9.010752868652343750e+01,-7.807824707031250000e+01,-4.679260253906250000e+01,-4.103096771240234375e+01,-4.618743133544921875e+01,-4.472882843017578125e+01,-4.388185882568359375e+01,-4.039985656738281250e+01,-4.505527496337890625e+01,-4.910760498046875000e+01,-5.123554611206054688e+01,-3.154161071777343750e+01,-8.423871397972106934e-01,1.179017066955566406e+01,1.519706916809082031e+01,1.510206317901611328e+01,1.639479064941406250e+01,1.739709281921386719e+01,1.286534786224365234e+01,6.936719894409179688e+00,5.849979400634765625e+00,5.991518497467041016e+00,5.513359546661376953e+00,6.567300796508789062e+00,6.371701717376708984e+00,6.415862560272216797e+00,2.875271558761596680e+00,-1.844712138175964355e+00,1.141512989997863770e+00,8.392592668533325195e-01,3.746780157089233398e+00,7.461084365844726562e+00,7.517910003662109375e+00,2.853115797042846680e+00,1.442790746688842773e+00,1.677554321289062500e+01,0.000000000000000000e+00,0.000000000000000000e+00,0.000000000000000000e+00,0.000000000000000000e+00,0.000000000000000000e+00,0.000000000000000000e+00,0.000000000000000000e+00,0.000000000000000000e+00,0.000000000000000000e+00,0.000000000000000000e+00,0.000000000000000000e+00,0.000000000000000000e+00,0.000000000000000000e+00,0.000000000000000000e+00,0.000000000000000000e+00,0.000000000000000000e+00,0.000000000000000000e+00,0.000000000000000000e+00,0.000000000000000000e+00,0.000000000000000000e+00,0.000000000000000000e+00,0.000000000000000000e+00,0.000000000000000000e+00,0.000000000000000000e+00,0.000000000000000000e+00,0.000000000000000000e+00,0.000000000000000000e+00,0.000000000000000000e+00,0.000000000000000000e+00,0.000000000000000000e+00,0.000000000000000000e+00,0.000000000000000000e+00,0.000000000000000000e+00,0.000000000000000000e+00,0.000000000000000000e+00,0.000000000000000000e+00,0.000000000000000000e+00,0.000000000000000000e+00,0.000000000000000000e+00,0.000000000000000000e+00
3.339482116699218750e+01,3.304464721679687500e+01,3.136823081970214844e+01,2.695658493041992188e+01,2.804954338073730469e+01,3.022399139404296875e+01,2.779070663452148438e+01,2.158175849914550781e+01,2.263881492614746094e+01,2.450922393798828125e+01,2.007548141479492188e+01,1.975345611572265625e+01,2.088759994506835938e+01,2.194360733032226562e+01,2.161787796020507812e+01,1.344920444488525391e+01,7.809678077697753906e+00,8.320916175842285156e+00,-2.616827487945556641e+00,-1.561372280120849609e+01,-2.277259254455566406e+01,-2.345765686035156250e+01,-1.900142860412597656e+01,-1.322513103485107422e+01,1.043143033981323242e+00,2.429147338867187500e+01,5.228781127929687500e+01,3.689988708496093750e+01,1.303144359588623047e+01,4.964587688446044922e+00,6.780823707580566406e+00,1.826745223999023438e+01,3.079637908935546875e+01,3.593604278564453125e+01,4.339628696441650391e+00,-1.857506752014160156e+01,-1.986548614501953125e+01,-2.293070983886718750e+01,-1.950888824462890625e+01,-4.206950664520263672e+00,2.097782897949218750e+01,3.277101135253906250e+01,3.066735839843750000e+01,3.290687561035156250e+01,1.687192916870117188e+01,6.301787853240966797e+00,-5.058346748352050781e+00,-1.627344608306884766e+00,1.824786758422851562e+01,3.230043029785156250e+01,1.139124488830566406e+01,4.426601409912109375e+00,6.634840965270996094e+00,1.662888145446777344e+01,2.949738311767578125e+01,2.794188499450683594e+01,2.925751876831054688e+01,3.284882736206054688e+01,3.093085670471191406e+01,1.870172882080078125e+01,2.934581518173217773e+00,-2.580934524536132812e+00,1.687139320373535156e+01,2.192433357238769531e+01,2.121242904663085938e+01,1.496657180786132812e+01,9.923983573913574219e+00,1.100141716003417969e+01,2.207089233398437500e+01,2.255698394775390625e+01,2.939066696166992188e+01,4.466870498657226562e+01,2.299346923828125000e+01,1.488083004951477051e+00,-1.231462597846984863e+00,9.473440170288085938e+00,2.349472236633300781e+01,3.471065521240234375e+01,2.920505905151367188e+01,2.006318092346191406e+01,9.841600418090820312e+00,4.695791244506835938e+00,1.172166252136230469e+01,1.748944091796875000e+01,2.194350814819335938e+01,7.076916694641113281e+00,-9.424383163452148438e+00,-2.176576995849609375e+01,-1.947320365905761719e+01,-1.805394172668457031e+01,-1.689493179321289062e+01,-1.421888351440429688e+01,-6.432559967041015625e+00,4.553791046142578125e+00,2.075751495361328125e+01,1.663142395019531250e+01,2.073573112487792969e+01,3.010934448242187500e+01,3.585121154785156250e+01,3.038746070861816406e+01,2.532788085937500000e+01,2.574767112731933594e+01,2.194892311096191406e+01,2.301970672607421875e+01,2.510024642944335938e+01,2.457863235473632812e+01,2.518434333801269531e+01,2.301181793212890625e+01,2.224980163574218750e+01,2.493809509277343750e+01,2.254126739501953125e+01,2.141180038452148438e+01,2.720113372802734375e+01,2.833681869506835938e+01,2.096952819824218750e+01,1.940298843383789062e+01,2.008566093444824219e+01,0.000000000000000000e+00,0.000000000000000000e+00,0.000000000000000000e+00,0.000000000000000000e+00,0.000000000000000000e+00,0.000000000000000000e+00,0.000000000000000000e+00,0.000000000000000000e+00,0.000000000000000000e+00,0.000000000000000000e+00,0.000000000000000000e+00,0.000000000000000000e+00,0.000000000000000000e+00,0.000000000000000000e+00,0.000000000000000000e+00,0.000000000000000000e+00,0.000000000000000000e+00,0.000000000000000000e+00,0.000000000000000000e+00,0.000000000000000000e+00,0.000000000000000000e+00,0.000000000000000000e+00,0.000000000000000000e+00,0.000000000000000000e+00,0.000000000000000000e+00,0.000000000000000000e+00,0.000000000000000000e+00,0.000000000000000000e+00,0.000000000000000000e+00,0.000000000000000000e+00,0.000000000000000000e+00,0.000000000000000000e+00,0.000000000000000000e+00,0.000000000000000000e+00,0.000000000000000000e+00,0.000000000000000000e+00,0.000000000000000000e+00,0.000000000000000000e+00,0.000000000000000000e+00,0.000000000000000000e+00
-1.941894531250000000e+00,-8.286077499389648438e+00,-6.247489452362060547e+00,-9.255922317504882812e+00,-9.261902809143066406e+00,-1.280908584594726562e+01,-1.096354293823242188e+01,-5.482884883880615234e+00,-1.975098252296447754e+00,5.920224189758300781e+00,7.255784034729003906e+00,9.632030487060546875e+00,4.651728153228759766e+00,4.436429977416992188e+00,8.188537597656250000e+00,1.538057899475097656e+01,1.391773223876953125e+01,-3.673207283020019531e+00,-1.589871788024902344e+01,-1.895578002929687500e+01,-2.731585121154785156e+01,-2.392641258239746094e+01,-1.994479751586914062e+01,-2.737400054931640625e+01,-2.228332901000976562e+01,-1.031184196472167969e+00,-4.577785491943359375e+00,4.097652435302734375e+00,1.722646713256835938e+01,1.649836921691894531e+01,1.401387977600097656e+01,1.446521663665771484e+01,1.125648689270019531e+01,-1.154620647430419922e+01,-7.060575485229492188e+00,-2.229558527469635010e-01,-6.774910926818847656e+00,-1.584273815155029297e+01,-2.016415786743164062e+01,-1.418829536437988281e+01,5.040281295776367188e+00,1.312333869934082031e+01,9.087577819824218750e+00,9.051750183105468750e+00,1.686369514465332031e+01,1.246271514892578125e+01,1.136699104309082031e+01,6.345129966735839844e+00,-1.259133100509643555e+00,-2.711166441440582275e-01,-3.966286468505859375e+01,-3.563219451904296875e+01,-3.054464340209960938e+01,-2.251307296752929688e+01,-4.555282592773437500e+00,8.527381420135498047e-01,-1.827177405357360840e+00,-1.375643730163574219e+00,1.057709503173828125e+01,2.100061416625976562e+01,1.760620117187500000e+01,1.410677528381347656e+01,1.600952148437500000e+01,2.186936950683593750e+01,1.441419601440429688e+01,3.082384586334228516e+00,-1.141161155700683594e+01,-1.595450401306152344e+01,-4.650424957275390625e+00,1.888774633407592773e+00,-4.570009708404541016e+00,-6.812536239624023438e+00,-3.488224506378173828e+00,8.876140594482421875e+00,1.413899707794189453e+01,1.050835418701171875e+01,1.319054603576660156e+01,1.612241744995117188e+01,-4.009956359863281250e+00,-6.594732284545898438e+00,-1.393319845199584961e+00,1.274272680282592773e+00,-1.871890187263488770e+00,-1.548338413238525391e+00,-1.248623657226562500e+01,-2.548941040039062500e+01,-3.371342849731445312e+01,-2.697058486938476562e+01,-1.069131851196289062e+01,-1.130517721176147461e+00,6.200251102447509766e+00,1.503644180297851562e+01,1.993507003784179688e+01,1.510900688171386719e+01,1.216945457458496094e+01,8.018648147583007812e+00,7.069775581359863281e+00,9.559823989868164062e+00,1.520867729187011719e+01,1.172707080841064453e+01,1.111670780181884766e+01,1.184468078613281250e+01,1.100882339477539062e+01,1.206476783752441406e+01,7.970393180847167969e+00,4.310292243957519531e+00,7.075142860412597656e+00,9.642088890075683594e+00,4.540268898010253906e+00,3.071924448013305664e+00,9.134423255920410156e+00,4.670619487762451172e+00,6.673803329467773438e+00,9.713324546813964844e+00,1.292774009704589844e+01,1.210643768310546875e+01,1.387893486022949219e+01,0.000000000000000000e+00,0.000000000000000000e+00,0.000000000000000000e+00,0.000000000000000000e+00,0.000000000000000000e+00,0.000000000000000000e+00,0.000000000000000000e+00,0.000000000000000000e+00,0.000000000000000000e+00,0.000000000000000000e+00,0.000000000000000000e+00,0.000000000000000000e+00,0.000000000000000000e+00,0.000000000000000000e+00,0.000000000000000000e+00,0.000000000000000000e+00,0.000000000000000000e+00,0.000000000000000000e+00,0.000000000000000000e+00,0.000000000000000000e+00,0.000000000000000000e+00,0.000000000000000000e+00,0.000000000000000000e+00,0.000000000000000000e+00,0.000000000000000000e+00,0.000000000000000000e+00,0.000000000000000000e+00,0.000000000000000000e+00,0.000000000000000000e+00,0.000000000000000000e+00,0.000000000000000000e+00,0.000000000000000000e+00,0.000000000000000000e+00,0.000000000000000000e+00,0.000000000000000000e+00,0.000000000000000000e+00,0.000000000000000000e+00,0.000000000000000000e+00,0.000000000000000000e+00,0.000000000000000000e+00
-2.552095413208007812e+00,-2.764325618743896484e+00,-1.347847938537597656e+00,5.342813491821289062e+00,7.067727088928222656e+00,5.474594593048095703e+00,5.866812705993652344e+00,6.419875144958496094e+00,1.050187301635742188e+01,9.385417938232421875e+00,1.010604476928710938e+01,1.303431701660156250e+01,3.741034865379333496e-01,-1.888443183898925781e+01,-3.416358184814453125e+01,-4.322396469116210938e+01,-4.535500335693359375e+01,-4.803488159179687500e+01,-4.336058044433593750e+01,-3.303111267089843750e+01,-2.432741165161132812e+01,-1.448719882965087891e+01,-5.161221981048583984e+00,-7.334229469299316406e+00,-2.572217702865600586e+00,3.526464462280273438e+00,-8.824604034423828125e+00,-1.214038658142089844e+01,-1.800551605224609375e+01,-2.463712501525878906e+01,-2.832421875000000000e+01,-3.605234909057617188e+01,-2.720855712890625000e+01,2.351225376129150391e+00,1.638665676116943359e+00,-9.977510452270507812e+00,-1.612126159667968750e+01,-1.674465942382812500e+01,-2.562442207336425781e+01,-4.004678344726562500e+01,-3.765935516357421875e+01,-2.460685729980468750e+01,-2.200560760498046875e+01,-9.414476394653320312e+00,-2.171751213073730469e+01,-2.868651390075683594e+01,-3.234986114501953125e+01,-2.403351974487304688e+01,-3.746427059173583984e+00,7.422089099884033203e+00,-1.229247474670410156e+01,-2.578763961791992188e+01,-3.115094947814941406e+01,-2.210439682006835938e+01,-9.904660224914550781e+00,-1.565627288818359375e+01,-1.704114151000976562e+01,-1.654688262939453125e+01,-1.017325496673583984e+01,-5.848492622375488281e+00,-9.770664215087890625e+00,-2.111911392211914062e+01,-2.693812942504882812e+01,-2.538257598876953125e+01,-3.163079452514648438e+01,-2.807877349853515625e+01,-2.530690383911132812e+01,-2.726580429077148438e+01,-2.907748413085937500e+01,-1.932793235778808594e+01,-2.531490087509155273e+00,-2.330142021179199219e+00,-2.921548366546630859e+00,-7.354280471801757812e+00,-1.553668785095214844e+01,-3.026018142700195312e+01,-2.290596008300781250e+01,-1.318818092346191406e+01,-2.434005546569824219e+01,-1.795728302001953125e+01,-8.746143341064453125e+00,-1.353920555114746094e+01,-1.202701187133789062e+01,-4.175333023071289062e+00,-3.080438804626464844e+01,-3.292871093750000000e+01,-2.537361145019531250e+01,-1.851372337341308594e+01,-2.256562805175781250e+01,-2.711386489868164062e+01,-2.283263587951660156e+01,-1.845641136169433594e+01,-1.759998321533203125e+01,-1.070682764053344727e+00,1.445169830322265625e+01,2.220056533813476562e+01,1.668993377685546875e+01,1.040193080902099609e+01,1.758257675170898438e+01,1.791550254821777344e+01,1.414529418945312500e+01,1.661949729919433594e+01,1.253695487976074219e+01,1.024043464660644531e+01,9.142194747924804688e+00,1.124250888824462891e+01,1.243976211547851562e+01,1.227562904357910156e+01,6.302327156066894531e+00,1.072733306884765625e+01,1.295586204528808594e+01,9.473068237304687500e+00,7.962244033813476562e+00,9.912772178649902344e+00,1.373208618164062500e+01,1.486112308502197266e+01,1.160145854949951172e+01,0.000000000000000000e+00,0.000000000000000000e+00,0.000000000000000000e+00,0.000000000000000000e+00,0.000000000000000000e+00,0.000000000000000000e+00,0.000000000000000000e+00,0.000000000000000000e+00,0.000000000000000000e+00,0.000000000000000000e+00,0.000000000000000000e+00,0.000000000000000000e+00,0.000000000000000000e+00,0.000000000000000000e+00,0.000000000000000000e+00,0.000000000000000000e+00,0.000000000000000000e+00,0.000000000000000000e+00,0.000000000000000000e+00,0.000000000000000000e+00,0.000000000000000000e+00,0.000000000000000000e+00,0.000000000000000000e+00,0.000000000000000000e+00,0.000000000000000000e+00,0.000000000000000000e+00,0.000000000000000000e+00,0.000000000000000000e+00,0.000000000000000000e+00,0.000000000000000000e+00,0.000000000000000000e+00,0.000000000000000000e+00,0.000000000000000000e+00,0.000000000000000000e+00,0.000000000000000000e+00,0.000000000000000000e+00,0.000000000000000000e+00,0.000000000000000000e+00,0.000000000000000000e+00,0.000000000000000000e+00
1.865319061279296875e+01,1.785526847839355469e+01,2.203892326354980469e+01,2.786133956909179688e+01,2.770100402832031250e+01,2.818272781372070312e+01,2.683554267883300781e+01,2.005556488037109375e+01,1.493140125274658203e+01,7.975963592529296875e+00,6.279921531677246094e+00,7.514083862304687500e+00,-1.522153139114379883e+00,-2.222390174865722656e+00,-2.916417598724365234e+00,-6.664645195007324219e+00,-1.215618324279785156e+01,-3.601307868957519531e+00,2.523316860198974609e+00,4.104917526245117188e+00,6.076244354248046875e+00,1.271331977844238281e+01,2.069377517700195312e+01,1.675384140014648438e+01,1.632481193542480469e+01,1.059307670593261719e+01,1.609342193603515625e+01,1.067654609680175781e+01,5.860229492187500000e+00,6.447194576263427734e+00,1.124657154083251953e+01,1.277391910552978516e+01,1.305294799804687500e+01,1.979757690429687500e+01,1.066414928436279297e+01,1.241131544113159180e+00,-3.486755847930908203e+00,-7.373991012573242188e-01,5.457093238830566406e+00,4.329754352569580078e+00,-1.886027455329895020e+00,-5.963969230651855469e+00,-3.703975677490234375e+00,7.400404930114746094e+00,-7.337721347808837891e+00,-6.400755405426025391e+00,1.305823564529418945e+00,-1.639977693557739258e-01,-9.045372009277343750e+00,2.780864953994750977e+00,1.195480728149414062e+01,1.622444534301757812e+01,3.121034240722656250e+01,3.128623580932617188e+01,2.101906967163085938e+01,2.275872039794921875e+01,2.666585540771484375e+01,2.108831024169921875e+01,1.485500717163085938e+01,1.245217990875244141e+01,1.508032226562500000e+01,1.648690032958984375e+01,1.461874961853027344e+01,7.282733917236328125e+00,9.586745262145996094e+00,1.964075851440429688e+01,2.412116241455078125e+01,2.253734397888183594e+01,8.801871299743652344e+00,3.990064382553100586e+00,1.593955707550048828e+01,2.460910606384277344e+01,8.269268035888671875e+00,4.814117908477783203e+00,4.834057807922363281e+00,5.181696414947509766e+00,6.986161231994628906e+00,-1.812185764312744141e+00,9.424868822097778320e-01,3.554403305053710938e+00,5.579528808593750000e+00,6.075254440307617188e+00,4.415311813354492188e+00,-3.628913640975952148e+00,1.251968002319335938e+01,2.306416893005371094e+01,2.121159362792968750e+01,1.461697673797607422e+01,5.683631896972656250e+00,4.490565657615661621e-01,-3.140231609344482422e+00,-1.090089416503906250e+01,-8.971570968627929688e+00,2.820418834686279297e+00,4.778466224670410156e+00,6.413253307342529297e+00,7.521005630493164062e+00,1.198180103302001953e+01,1.169807052612304688e+01,1.107870101928710938e+01,9.702672004699707031e+00,8.654067993164062500e+00,1.024087047576904297e+01,1.032541084289550781e+01,9.779316902160644531e+00,1.136363983154296875e+01,1.290718078613281250e+01,1.005398941040039062e+01,9.177385330200195312e+00,1.282866954803466797e+01,1.261081981658935547e+01,1.024155902862548828e+01,1.189771652221679688e+01,1.187598133087158203e+01,7.868740081787109375e+00,1.309870147705078125e+01,1.543196487426757812e+01,0.000000000000000000e+00,0.000000000000000000e+00,0.000000000000000000e+00,0.000000000000000000e+00,0.000000000000000000e+00,0.000000000000000000e+00,0.000000000000000000e+00,0.000000000000000000e+00,0.000000000000000000e+00,0.000000000000000000e+00,0.000000000000000000e+00,0.000000000000000000e+00,0.000000000000000000e+00,0.000000000000000000e+00,0.000000000000000000e+00,0.000000000000000000e+00,0.000000000000000000e+00,0.000000000000000000e+00,0.000000000000000000e+00,0.000000000000000000e+00,0.000000000000000000e+00,0.000000000000000000e+00,0.000000000000000000e+00,0.000000000000000000e+00,0.000000000000000000e+00,0.000000000000000000e+00,0.000000000000000000e+00,0.000000000000000000e+00,0.000000000000000000e+00,0.000000000000000000e+00,0.000000000000000000e+00,0.000000000000000000e+00,0.000000000000000000e+00,0.000000000000000000e+00,0.000000000000000000e+00,0.000000000000000000e+00,0.000000000000000000e+00,0.000000000000000000e+00,0.000000000000000000e+00,0.000000000000000000e+00
9.874265670776367188e+00,1.192408943176269531e+01,1.310720539093017578e+01,1.317492103576660156e+01,5.539151668548583984e+00,-6.010461807250976562e+00,-1.711522817611694336e+00,7.920165061950683594e+00,9.571747779846191406e+00,7.848708152770996094e+00,8.982251167297363281e+00,1.224785995483398438e+01,8.268044471740722656e+00,-6.063949465751647949e-01,-5.434161186218261719e+00,-5.074299812316894531e+00,-4.574175357818603516e+00,-1.263366222381591797e+01,-2.528850936889648438e+01,-2.397139930725097656e+01,-1.659087753295898438e+01,-6.860776424407958984e+00,-3.491069316864013672e+00,-6.155529022216796875e+00,2.633419513702392578e+00,7.531787872314453125e+00,2.963911056518554688e+00,-5.964535713195800781e+00,-1.238670921325683594e+01,-1.480835342407226562e+01,-1.312661552429199219e+01,-9.198809862136840820e-01,-2.280906200408935547e+00,-6.528949737548828125e+00,-1.791714096069335938e+01,-2.808077621459960938e+01,-2.701069641113281250e+01,-2.671061134338378906e+01,-2.405426406860351562e+01,-2.442148590087890625e+01,-1.904372406005859375e+01,-2.204896545410156250e+01,-5.760754108428955078e+00,-4.309201717376708984e+00,-3.375682830810546875e+01,-4.157534790039062500e+01,-4.203556823730468750e+01,-4.006616973876953125e+01,-2.528460693359375000e+01,-2.173659515380859375e+01,-1.187069797515869141e+01,-1.680151939392089844e+00,-2.330209255218505859e+00,1.395413398742675781e+00,1.133184313774108887e+00,3.872392177581787109e+00,3.777602672576904297e+00,5.015126466751098633e-01,-4.959973812103271484e+00,-1.158433151245117188e+01,-1.470363140106201172e+01,-5.197205543518066406e+00,2.926691055297851562e+00,-7.491495132446289062e+00,-3.855964660644531250e+00,1.817249774932861328e+00,7.663216590881347656e-01,5.466676950454711914e-01,-1.960579752922058105e+00,-1.090224456787109375e+01,-1.054663085937500000e+01,-6.406888961791992188e+00,-1.773028182983398438e+01,-1.774156570434570312e+01,-1.398115730285644531e+01,-2.884397029876708984e+00,-7.668025970458984375e+00,-1.137087631225585938e+01,-2.052923965454101562e+01,-2.450105285644531250e+01,-2.534147262573242188e+01,-2.557991409301757812e+01,-2.465883445739746094e+01,-1.773864555358886719e+01,-2.056310653686523438e+00,-1.053782463073730469e+01,-1.789098930358886719e+01,-2.692151641845703125e+01,-3.453398895263671875e+01,-3.870661926269531250e+01,-3.671555328369140625e+01,-2.708373260498046875e+01,-8.725744247436523438e+00,4.287721157073974609e+00,1.740118622779846191e+00,-5.572366237640380859e+00,-3.526804924011230469e+00,1.026195144653320312e+01,1.014552307128906250e+01,1.155576515197753906e+01,1.203820514678955078e+01,1.010533618927001953e+01,9.933266639709472656e+00,1.257003402709960938e+01,1.149762725830078125e+01,1.265536689758300781e+01,1.623685073852539062e+01,1.025191116333007812e+01,8.161533355712890625e+00,1.012458801269531250e+01,1.156544780731201172e+01,9.394260406494140625e+00,9.183367729187011719e+00,1.239015769958496094e+01,1.026634407043457031e+01,1.051520442962646484e+01,6.373908042907714844e+00,0.000000000000000000e+00,0.000000000000000000e+00,0.000000000000000000e+00,0.000000000000000000e+00,0.000000000000000000e+00,0.000000000000000000e+00,0.000000000000000000e+00,0.000000000000000000e+00,0.000000000000000000e+00,0.000000000000000000e+00,0.000000000000000000e+00,0.000000000000000000e+00,0.000000000000000000e+00,0.000000000000000000e+00,0.000000000000000000e+00,0.000000000000000000e+00,0.000000000000000000e+00,0.000000000000000000e+00,0.000000000000000000e+00,0.000000000000000000e+00,0.000000000000000000e+00,0.000000000000000000e+00,0.000000000000000000e+00,0.000000000000000000e+00,0.000000000000000000e+00,0.000000000000000000e+00,0.000000000000000000e+00,0.000000000000000000e+00,0.000000000000000000e+00,0.000000000000000000e+00,0.000000000000000000e+00,0.000000000000000000e+00,0.000000000000000000e+00,0.000000000000000000e+00,0.000000000000000000e+00,0.000000000000000000e+00,0.000000000000000000e+00,0.000000000000000000e+00,0.000000000000000000e+00,0.000000000000000000e+00
4.689719200134277344e+00,7.635839462280273438e+00,8.142221450805664062e+00,3.336541175842285156e+00,3.131016492843627930e-01,5.448420047760009766e-01,3.847019195556640625e+00,2.444878101348876953e+00,6.106574535369873047e-01,3.790637969970703125e+00,1.080573749542236328e+01,1.530954360961914062e+01,1.368203878402709961e+00,2.176770687103271484e+00,9.924659729003906250e+00,1.241309547424316406e+01,1.598523235321044922e+01,1.287019348144531250e+01,-6.088033676147460938e+00,-1.219243812561035156e+01,-3.053603649139404297e+00,8.182025909423828125e+00,1.495326805114746094e+01,2.273614311218261719e+01,2.242929840087890625e+01,2.235586547851562500e+01,2.547052955627441406e+01,1.714361953735351562e+01,5.617822647094726562e+00,-3.002422571182250977e+00,-1.180143737792968750e+01,-8.238558769226074219e+00,-3.652670145034790039e+00,3.449714660644531250e+00,3.712783813476562500e+00,-4.540324687957763672e+00,-4.071504116058349609e+00,-6.114173889160156250e+00,-8.972106933593750000e+00,-7.649144172668457031e+00,6.786254405975341797e+00,8.304697990417480469e+00,6.254150390625000000e+00,1.106842422485351562e+01,2.912402153015136719e-01,-4.088586866855621338e-01,3.997858047485351562e+00,4.058996200561523438e+00,2.068001747131347656e+00,-5.778110027313232422e-02,-6.147773265838623047e-01,3.615227937698364258e+00,1.102847671508789062e+01,1.593876743316650391e+01,1.870437622070312500e+01,2.139214324951171875e+01,2.786230468750000000e+01,2.764595794677734375e+01,2.279419708251953125e+01,1.288373088836669922e+01,3.813361167907714844e+00,4.651615142822265625e+00,9.981916427612304688e+00,6.041520595550537109e+00,9.568352699279785156e+00,9.753106117248535156e+00,1.011241722106933594e+01,1.229706573486328125e+01,1.951697921752929688e+01,1.373665428161621094e+01,2.385442256927490234e+00,8.695730209350585938e+00,9.221848487854003906e+00,4.964802742004394531e+00,1.176803827285766602e+00,3.196562528610229492e-01,-4.344904899597167969e+00,2.742100954055786133e+00,2.736550140380859375e+01,2.843069267272949219e+01,2.870275688171386719e+01,2.778222656250000000e+01,2.272832870483398438e+01,1.340850067138671875e+01,7.678631782531738281e+00,6.320895195007324219e+00,7.626688480377197266e+00,1.038410949707031250e+01,9.441214561462402344e+00,3.719463109970092773e+00,3.372254610061645508e+00,8.557935714721679688e+00,5.127400398254394531e+00,3.300953626632690430e+00,1.161068058013916016e+01,1.458627510070800781e+01,9.644130706787109375e+00,1.033072185516357422e+01,7.172030448913574219e+00,1.300502014160156250e+01,1.313598537445068359e+01,1.081705856323242188e+01,9.284877777099609375e+00,9.783782958984375000e+00,9.569438934326171875e+00,1.172794246673583984e+01,1.391770935058593750e+01,1.173901176452636719e+01,9.512771606445312500e+00,9.435119628906250000e+00,1.274030685424804688e+01,1.055262565612792969e+01,4.567149162292480469e+00,1.102630424499511719e+01,1.218267536163330078e+01,1.121521663665771484e+01,1.065081119537353516e+01,0.000000000000000000e+00,0.000000000000000000e+00,0.000000000000000000e+00,0.000000000000000000e+00,0.000000000000000000e+00,0.000000000000000000e+00,0.000000000000000000e+00,0.000000000000000000e+00,0.000000000000000000e+00,0.000000000000000000e+00,0.000000000000000000e+00,0.000000000000000000e+00,0.000000000000000000e+00,0.000000000000000000e+00,0.000000000000000000e+00,0.000000000000000000e+00,0.000000000000000000e+00,0.000000000000000000e+00,0.000000000000000000e+00,0.000000000000000000e+00,0.000000000000000000e+00,0.000000000000000000e+00,0.000000000000000000e+00,0.000000000000000000e+00,0.000000000000000000e+00,0.000000000000000000e+00,0.000000000000000000e+00,0.000000000000000000e+00,0.000000000000000000e+00,0.000000000000000000e+00,0.000000000000000000e+00,0.000000000000000000e+00,0.000000000000000000e+00,0.000000000000000000e+00,0.000000000000000000e+00,0.000000000000000000e+00,0.000000000000000000e+00,0.000000000000000000e+00,0.000000000000000000e+00,0.000000000000000000e+00
-1.193184971809387207e+00,5.799705982208251953e+00,1.002643585205078125e+01,8.881773948669433594e+00,1.128033256530761719e+01,1.476892280578613281e+01,1.604649353027343750e+01,1.658449363708496094e+01,1.313910675048828125e+01,1.017867469787597656e+01,1.407511615753173828e+01,1.484940052032470703e+01,-3.295388698577880859e+00,-1.445153808593750000e+01,-6.785230159759521484e+00,5.613116264343261719e+00,3.620691776275634766e+00,-2.986876726150512695e+00,-8.754055023193359375e+00,1.129638290405273438e+01,2.621029472351074219e+01,3.100509834289550781e+01,2.549691963195800781e+01,8.615892410278320312e+00,1.106679153442382812e+01,1.154804801940917969e+01,-7.779218673706054688e+00,-1.290724468231201172e+01,2.545309066772460938e+00,7.589900970458984375e+00,-1.015810012817382812e+00,-3.181202888488769531e+00,-1.282468557357788086e+00,-1.275930023193359375e+01,-5.380350112915039062e+00,8.962169647216796875e+00,1.332703208923339844e+01,1.405367469787597656e+01,8.834573745727539062e+00,-2.214073181152343750e+00,-5.269908428192138672e+00,-2.180258631706237793e-01,1.331381607055664062e+01,1.011951446533203125e+01,-2.885473251342773438e+00,-5.182400703430175781e+00,-5.761525154113769531e+00,-6.762445926666259766e+00,-8.178293228149414062e+00,1.288457036018371582e+00,-7.584893703460693359e-01,-1.206757354736328125e+01,-1.676053810119628906e+01,-2.137887573242187500e+01,-1.924158477783203125e+01,-1.638120651245117188e+01,-1.617472839355468750e+01,-1.299808788299560547e+01,-4.099946975708007812e+00,8.592788696289062500e+00,3.021247148513793945e+00,-6.148007392883300781e+00,-4.019353389739990234e+00,3.465784788131713867e-01,-1.052502989768981934e+00,-3.721163988113403320e+00,-8.382983207702636719e+00,-9.431411743164062500e+00,-1.406053256988525391e+01,-9.752144813537597656e+00,-4.083079695701599121e-01,-2.699257612228393555e+00,-8.516107201576232910e-01,4.291394233703613281e+00,1.977777719497680664e+00,-3.253509521484375000e+00,-1.651725888252258301e+00,2.199476957321166992e+00,1.487527465820312500e+01,1.049724197387695312e+01,5.871977806091308594e+00,4.942849159240722656e+00,9.877300262451171875e+00,1.617126846313476562e+01,-6.706792831420898438e+00,-4.188673973083496094e+00,3.491403102874755859e+00,1.124464797973632812e+01,1.144514369964599609e+01,7.523315906524658203e+00,2.478385925292968750e+00,-4.114533901214599609e+00,-6.431707382202148438e+00,-8.486330032348632812e+00,-1.651360511779785156e+00,2.831912040710449219e+00,5.588466644287109375e+00,6.862246513366699219e+00,6.722470283508300781e+00,9.218632698059082031e+00,1.197676372528076172e+01,1.051491355895996094e+01,1.447641181945800781e+01,1.802375030517578125e+01,1.635489082336425781e+01,9.111870765686035156e+00,8.931235313415527344e+00,1.203363323211669922e+01,9.805133819580078125e+00,9.486598968505859375e+00,1.246244430541992188e+01,1.589496803283691406e+01,1.013303661346435547e+01,1.131818580627441406e+01,1.487374305725097656e+01,1.315954780578613281e+01,9.842582702636718750e+00,0.000000000000000000e+00,0.000000000000000000e+00,0.000000000000000000e+00,0.000000000000000000e+00,0.000000000000000000e+00,0.000000000000000000e+00,0.000000000000000000e+00,0.000000000000000000e+00,0.000000000000000000e+00,0.000000000000000000e+00,0.000000000000000000e+00,0.000000000000000000e+00,0.000000000000000000e+00,0.000000000000000000e+00,0.000000000000000000e+00,0.000000000000000000e+00,0.000000000000000000e+00,0.000000000000000000e+00,0.000000000000000000e+00,0.000000000000000000e+00,0.000000000000000000e+00,0.000000000000000000e+00,0.000000000000000000e+00,0.000000000000000000e+00,0.000000000000000000e+00,0.000000000000000000e+00,0.000000000000000000e+00,0.000000000000000000e+00,0.000000000000000000e+00,0.000000000000000000e+00,0.000000000000000000e+00,0.000000000000000000e+00,0.000000000000000000e+00,0.000000000000000000e+00,0.000000000000000000e+00,0.000000000000000000e+00,0.000000000000000000e+00,0.000000000000000000e+00,0.000000000000000000e+00,0.000000000000000000e+00
1.760316610336303711e+00,3.501034736633300781e+00,4.327960014343261719e+00,6.278019905090332031e+00,3.625920772552490234e+00,1.494079113006591797e+00,2.146237373352050781e+00,6.567625999450683594e+00,9.847848892211914062e+00,3.348748445510864258e+00,1.549154639244079590e+00,1.022182226181030273e+00,-8.575316667556762695e-01,-6.377325057983398438e+00,-5.689296245574951172e+00,-2.222370386123657227e+00,-3.843823909759521484e+00,-7.138102531433105469e+00,-1.285647678375244141e+01,-9.681818008422851562e+00,-8.996085166931152344e+00,-9.393541336059570312e+00,-1.021859931945800781e+01,-9.279783964157104492e-01,9.051043987274169922e-01,4.183671951293945312e+00,7.901335239410400391e+00,-1.765439867973327637e+00,-2.372166633605957031e+00,-5.835069656372070312e+00,-1.151175880432128906e+01,-1.782866287231445312e+01,-6.804383277893066406e+00,4.726130962371826172e+00,-1.149636840820312500e+01,-2.745092582702636719e+01,-2.724649047851562500e+01,-2.196054458618164062e+01,-2.032956695556640625e+01,-2.402630996704101562e+01,-2.308088302612304688e+01,-1.680743789672851562e+01,-1.376921176910400391e+00,2.568460226058959961e+00,-1.974088287353515625e+01,-2.327895355224609375e+01,-2.555445480346679688e+01,-2.117571830749511719e+01,-1.407956600189208984e+01,8.262485265731811523e-01,1.625214767456054688e+01,7.859056472778320312e+00,1.072273731231689453e+00,-8.685007095336914062e+00,-1.972108459472656250e+01,-1.983068084716796875e+01,-2.104107284545898438e+01,-2.102661705017089844e+01,-2.386294746398925781e+01,-1.833394432067871094e+01,-9.755626678466796875e+00,-1.166054058074951172e+01,-1.319637298583984375e+01,-1.076582241058349609e+01,-1.506294441223144531e+01,-1.772611427307128906e+01,-1.639002609252929688e+01,-1.794242286682128906e+01,-1.241752243041992188e+01,-9.330737113952636719e+00,-4.396715164184570312e+00,-2.977130413055419922e+00,-3.124253273010253906e+00,-3.230990886688232422e+00,-4.545385360717773438e+00,-8.299736022949218750e+00,-6.451045989990234375e+00,-2.837892055511474609e+00,-5.568898200988769531e+00,-8.988026618957519531e+00,-7.256768226623535156e+00,-7.006501674652099609e+00,-3.273223161697387695e+00,4.903882980346679688e+00,-2.427994012832641602e+00,1.581271052360534668e+00,6.700267791748046875e-01,-3.997241020202636719e+00,-1.396771621704101562e+01,-2.012530899047851562e+01,-1.805731201171875000e+01,-1.543859481811523438e+01,-1.637723731994628906e+01,-6.981525421142578125e+00,-6.585865497589111328e+00,-1.160745239257812500e+01,-8.266432762145996094e+00,-7.352647781372070312e-01,1.249855995178222656e+00,1.712393283843994141e+00,7.453527450561523438e+00,2.146749019622802734e+00,1.678004264831542969e-01,9.134912490844726562e+00,8.117248535156250000e+00,5.420991420745849609e+00,8.184274673461914062e+00,5.918699741363525391e+00,1.935451507568359375e+00,4.207138538360595703e+00,4.579487800598144531e+00,4.008821010589599609e+00,4.344259738922119141e+00,4.794007301330566406e+00,5.956322193145751953e+00,7.804844856262207031e+00,5.458953857421875000e+00,0.000000000000000000e+00,0.000000000000000000e+00,0.000000000000000000e+00,0.000000000000000000e+00,0.000000000000000000e+00,0.000000000000000000e+00,0.000000000000000000e+00,0.000000000000000000e+00,0.000000000000000000e+00,0.000000000000000000e+00,0.000000000000000000e+00,0.000000000000000000e+00,0.000000000000000000e+00,0.000000000000000000e+00,0.000000000000000000e+00,0.000000000000000000e+00,0.000000000000000000e+00,0.000000000000000000e+00,0.000000000000000000e+00,0.000000000000000000e+00,0.000000000000000000e+00,0.000000000000000000e+00,0.000000000000000000e+00,0.000000000000000000e+00,0.000000000000000000e+00,0.000000000000000000e+00,0.000000000000000000e+00,0.000000000000000000e+00,0.000000000000000000e+00,0.000000000000000000e+00,0.000000000000000000e+00,0.000000000000000000e+00,0.000000000000000000e+00,0.000000000000000000e+00,0.000000000000000000e+00,0.000000000000000000e+00,0.000000000000000000e+00,0.000000000000000000e+00,0.000000000000000000e+00,0.000000000000000000e+00
